case_id,n_reworks,n_steps,model_type,supplier_id,shift,total_duration,is_late,delay_risk
CAR003957,1,11,0,2,0,177.16,1,1.0
CAR002057,1,11,1,0,0,130.64,1,1.0
CAR004295,1,11,1,0,0,155.38,1,1.0
CAR000942,1,11,0,2,1,147.97,1,1.0
CAR000934,1,11,3,3,2,134.2,1,1.0
CAR000933,1,11,3,2,1,192.91,1,1.0
CAR001963,1,11,3,2,1,170.39,1,1.0
CAR004315,1,11,1,0,0,114.67,0,1.0
CAR000893,0,9,0,2,0,163.25,1,1.0
CAR000891,0,9,0,2,0,124.12,1,1.0
CAR004323,0,9,0,2,0,158.35999999999999,1,1.0
CAR000878,1,11,1,3,2,154.08,1,1.0
CAR001967,1,11,1,1,1,121.53,1,1.0
CAR003465,0,9,0,2,0,146.81,1,1.0
CAR003461,1,11,3,2,0,177.82999999999998,1,1.0
CAR000863,1,11,1,3,2,173.52,1,1.0
CAR002003,1,11,3,2,1,172.41,1,1.0
CAR000852,1,11,1,0,1,134.64000000000001,1,1.0
CAR002007,1,11,2,2,0,201.8,1,1.0
CAR003460,1,11,0,2,1,147.7,1,1.0
CAR003455,1,11,1,2,2,157.31,1,1.0
CAR002015,1,11,1,3,0,139.87,1,1.0
CAR000831,0,9,0,2,0,129.18,1,1.0
CAR002036,1,11,1,2,0,174.51,1,1.0
CAR000824,1,11,1,2,2,164.52,1,1.0
CAR002039,1,11,0,2,1,174.21,1,1.0
CAR003427,1,11,1,3,0,133.18,1,1.0
CAR000949,1,11,3,2,1,177.78,1,1.0
CAR004292,1,11,3,2,0,159.56,1,1.0
CAR004280,1,11,1,0,1,187.72,1,1.0
CAR003474,1,11,2,2,2,148.64,1,1.0
CAR003549,1,11,2,2,2,170.19,1,1.0
CAR001890,1,11,3,2,1,167.55,1,1.0
CAR004212,1,11,0,2,2,151.9,1,1.0
CAR004224,1,11,1,1,1,136.35999999999999,1,1.0
CAR003538,1,11,2,2,0,149.4,1,1.0
CAR004239,1,11,2,2,0,179.32,1,1.0
CAR003521,1,11,1,2,2,178.35,1,1.0
CAR003509,1,11,1,0,1,162.43,1,1.0
CAR004250,0,9,0,2,0,139.84,1,1.0
CAR003495,1,11,2,2,2,156.12,1,1.0
CAR001008,1,11,2,3,1,165.64,1,1.0
CAR001005,1,11,1,1,0,128.9,1,1.0
CAR004268,1,11,3,2,0,169.6,1,1.0
CAR001935,1,11,1,0,0,143.7,1,1.0
CAR000997,1,11,1,1,1,159.69,1,1.0
CAR000992,1,11,2,2,0,149.94,1,1.0
CAR004253,1,11,0,2,2,200.37,1,1.0
CAR000986,1,11,1,0,0,128.95,1,1.0
CAR004254,1,11,3,2,1,189.68,1,1.0
CAR004257,1,11,1,3,0,193.36,1,1.0
CAR000970,1,11,3,2,0,165.0,1,1.0
CAR000968,1,11,0,1,2,136.77,1,1.0
CAR000964,1,11,2,2,1,140.84,1,1.0
CAR000963,1,11,1,2,2,153.4,1,1.0
CAR003421,1,11,1,1,1,135.32,1,1.0
CAR000801,0,9,0,2,0,127.51,1,1.0
CAR000630,1,11,3,2,1,181.21,1,1.0
CAR004399,0,9,0,2,0,131.34,1,1.0
CAR002144,1,11,1,3,2,144.66,1,1.0
CAR004454,1,11,2,2,2,183.85,1,1.0
CAR000728,0,9,0,2,0,125.6,1,1.0
CAR004464,1,11,1,3,0,125.95,1,1.0
CAR003876,1,11,2,3,1,150.75,1,1.0
CAR004479,1,11,1,2,1,188.32,1,1.0
CAR002148,1,11,2,2,0,170.39000000000001,1,1.0
CAR000710,1,11,1,3,0,136.35,1,1.0
CAR002159,0,9,0,2,0,150.09,1,1.0
CAR002161,1,11,0,2,1,160.48,1,1.0
CAR003331,1,11,2,2,2,193.8,1,1.0
CAR004500,1,11,1,0,1,165.01,1,1.0
CAR004509,1,11,3,2,0,160.88,1,1.0
CAR004524,0,9,0,2,0,149.87,1,1.0
CAR000667,1,11,2,2,0,159.6,1,1.0
CAR002179,1,11,2,2,2,174.33,1,1.0
CAR000662,1,11,1,3,0,140.31,1,1.0
CAR003295,0,9,0,2,0,161.47,1,1.0
CAR002185,0,9,0,2,0,130.53,1,1.0
CAR000656,1,11,1,2,0,143.5,1,1.0
CAR000652,1,11,2,3,1,125.51,1,1.0
CAR000651,0,9,0,2,0,122.06,1,1.0
CAR003293,1,11,0,2,1,134.3,1,1.0
CAR003291,0,9,0,2,0,157.64999999999998,1,1.0
CAR002197,1,11,3,3,2,154.5,1,1.0
CAR000732,1,11,1,3,2,150.85,1,1.0
CAR000733,1,11,0,2,1,170.19,1,1.0
CAR000737,0,9,0,2,0,136.84,1,1.0
CAR000770,1,11,3,3,2,150.19,1,1.0
CAR002058,0,9,0,2,0,160.42,1,1.0
CAR003415,1,11,0,2,1,169.91,1,1.0
CAR003409,0,9,0,2,0,138.79,1,1.0
CAR004411,1,11,1,3,2,136.85999999999999,1,1.0
CAR000786,1,11,1,2,2,220.2,1,1.0
CAR000785,1,11,0,2,1,162.61,1,1.0
CAR000783,1,11,2,3,1,142.78,1,1.0
CAR004427,1,11,1,2,1,115.88,0,1.0
CAR003403,1,11,2,2,1,170.29,1,1.0
CAR004433,1,11,1,2,1,152.86,1,1.0
CAR000773,1,11,2,2,2,157.91,1,1.0
CAR003397,1,11,3,2,1,166.47,1,1.0
CAR000738,1,11,1,0,0,143.59,1,1.0
CAR002084,1,11,1,1,0,132.28,1,1.0
CAR000760,1,11,1,2,1,148.57,1,1.0
CAR000759,1,11,1,3,0,171.89,1,1.0
CAR000758,1,11,3,2,0,188.37,1,1.0
CAR004434,1,11,0,2,1,204.71,1,1.0
CAR000754,0,9,0,2,0,149.76,1,1.0
CAR004435,0,9,0,2,0,151.3,1,1.0
CAR002088,0,9,0,2,0,150.19,1,1.0
CAR003389,1,11,2,2,0,186.57999999999998,1,1.0
CAR000744,1,11,0,2,0,167.31,1,1.0
CAR002095,1,11,0,2,2,157.42,1,1.0
CAR003558,1,11,1,1,0,161.75,1,1.0
CAR004201,1,11,3,2,1,159.22,1,1.0
CAR004192,1,11,2,2,0,174.54,1,1.0
CAR001087,1,11,0,2,0,152.03,1,1.0
CAR001382,0,9,0,2,0,155.84,1,1.0
CAR003947,1,11,0,1,2,154.12,1,1.0
CAR001375,1,11,0,2,1,157.65,1,1.0
CAR003948,1,11,2,2,0,157.85,1,1.0
CAR001373,1,11,2,2,0,155.0,1,1.0
CAR003955,1,11,0,2,2,141.44,1,1.0
CAR001369,1,11,2,2,2,181.31,1,1.0
CAR001574,0,9,0,2,0,148.3,1,1.0
CAR001579,1,11,1,2,1,159.3,1,1.0
CAR001360,1,11,3,2,0,165.18,1,1.0
CAR001357,1,11,2,3,1,181.69,1,1.0
CAR003968,0,9,0,2,0,164.07,1,1.0
CAR003783,0,9,0,2,0,156.07,1,1.0
CAR003982,1,11,0,2,2,165.9,1,1.0
CAR001327,1,11,1,2,0,176.85999999999999,1,1.0
CAR003757,1,11,3,3,2,158.79,1,1.0
CAR001628,1,11,1,1,1,163.93,1,1.0
CAR003995,1,11,0,1,2,133.4,1,1.0
CAR001634,1,11,1,1,1,144.55,1,1.0
CAR001640,1,11,1,2,0,150.4,1,1.0
CAR001313,1,11,1,1,0,145.7,1,1.0
CAR001312,1,11,1,3,0,148.36,1,1.0
CAR001306,1,11,1,3,0,174.71,1,1.0
CAR004002,1,11,1,2,1,129.87,1,1.0
CAR003746,1,11,1,1,0,163.78,1,1.0
CAR001571,0,9,0,2,0,133.76,1,1.0
CAR001389,1,11,2,2,0,186.2,1,1.0
CAR001562,1,11,1,0,0,132.48,1,1.0
CAR003909,1,11,2,2,2,167.45000000000002,1,1.0
CAR001500,1,11,2,3,1,190.19,1,1.0
CAR001474,1,11,1,2,0,162.57999999999998,1,1.0
CAR001506,1,11,1,2,0,155.92000000000002,1,1.0
CAR001507,1,11,0,1,2,125.58,1,1.0
CAR001518,1,11,1,3,2,136.74,1,1.0
CAR001520,1,11,1,1,1,164.01999999999998,1,1.0
CAR001459,1,11,2,2,0,147.47,1,1.0
CAR001525,1,11,0,2,2,167.25,1,1.0
CAR001447,1,11,1,3,0,134.12,1,1.0
CAR001526,1,11,1,0,0,124.03,1,1.0
CAR003897,1,11,0,2,2,156.71,1,1.0
CAR001528,1,11,3,2,0,149.16,1,1.0
CAR001392,1,11,1,2,1,159.7,1,1.0
CAR003916,1,11,1,0,1,118.7,0,1.0
CAR003824,1,11,2,3,1,126.58,1,1.0
CAR001420,1,11,0,2,0,158.31,1,1.0
CAR003925,1,11,0,1,2,134.07,1,1.0
CAR003823,1,11,1,2,1,172.28,1,1.0
CAR003926,0,9,0,2,0,147.53,1,1.0
CAR003808,1,11,1,1,1,139.64,1,1.0
CAR003936,0,9,0,2,0,166.03,1,1.0
CAR003940,0,9,0,2,0,132.86,1,1.0
CAR001396,0,9,0,2,0,122.35,1,1.0
CAR003805,1,11,1,1,1,144.67000000000002,1,1.0
CAR001650,1,11,1,1,1,140.25,1,1.0
CAR004012,1,11,2,2,2,176.41,1,1.0
CAR001655,0,9,0,2,0,135.91,1,1.0
CAR001135,0,9,0,2,0,146.01,1,1.0
CAR004078,0,9,0,2,0,137.28,1,1.0
CAR003618,1,11,1,3,2,152.58,1,1.0
CAR001790,1,11,0,2,0,139.21,1,1.0
CAR001170,1,11,3,2,0,152.11,1,1.0
CAR003605,1,11,2,2,1,170.74,1,1.0
CAR001166,1,11,2,2,0,156.57,1,1.0
CAR004099,1,11,0,2,0,158.12,1,1.0
CAR004121,1,11,0,2,0,181.22,1,1.0
CAR004128,0,9,0,2,0,156.62,1,1.0
CAR001145,0,9,0,2,0,156.9,1,1.0
CAR004129,1,11,1,0,1,105.6,0,1.0
CAR001829,1,11,2,2,0,175.28,1,1.0
CAR004060,1,11,2,2,1,161.56,1,1.0
CAR001123,1,11,1,2,1,149.01000000000002,1,1.0
CAR001830,1,11,1,2,0,164.35,1,1.0
CAR004136,1,11,1,3,0,149.54,1,1.0
CAR001842,1,11,2,2,1,159.24,1,1.0
CAR001107,1,11,3,2,1,153.29999999999998,1,1.0
CAR004168,1,11,0,1,2,151.84,1,1.0
CAR001100,0,9,0,2,0,137.76,1,1.0
CAR003584,0,9,0,2,0,122.74,1,1.0
CAR003573,1,11,3,2,1,186.51999999999998,1,1.0
CAR001858,1,11,1,2,2,151.32,1,1.0
CAR001090,0,9,0,2,0,134.75,1,1.0
CAR001772,1,11,1,0,0,162.98,1,1.0
CAR003624,1,11,1,1,0,147.38,1,1.0
CAR004018,0,9,0,2,0,176.82999999999998,1,1.0
CAR004028,0,9,0,2,0,140.1,1,1.0
CAR001278,1,11,3,3,2,122.73,1,1.0
CAR001267,1,11,1,1,1,155.17000000000002,1,1.0
CAR001665,1,11,0,1,2,142.68,1,1.0
CAR003701,1,11,2,2,0,167.77,1,1.0
CAR003687,1,11,1,2,1,194.97,1,1.0
CAR003661,1,11,1,0,1,144.13,1,1.0
CAR001714,1,11,1,1,1,131.08,1,1.0
CAR001241,1,11,1,3,2,125.42999999999999,1,1.0
CAR001235,0,9,0,2,0,132.85,1,1.0
CAR003654,0,9,0,2,0,131.55,1,1.0
CAR001230,0,9,0,2,0,138.17000000000002,1,1.0
CAR004030,1,11,1,3,0,140.77,1,1.0
CAR001192,0,9,0,2,0,146.29999999999998,1,1.0
CAR003639,1,11,1,3,0,177.34,1,1.0
CAR004040,1,11,1,2,2,135.03,1,1.0
CAR001218,1,11,1,0,0,157.06,1,1.0
CAR001726,1,11,0,2,0,160.55,1,1.0
CAR001736,1,11,3,2,1,166.79,1,1.0
CAR001749,1,11,1,2,0,149.71,1,1.0
CAR001750,1,11,1,0,0,126.96,1,1.0
CAR004056,1,11,3,2,0,170.64000000000001,1,1.0
CAR001751,1,11,0,1,2,125.91,1,1.0
CAR001198,1,11,2,2,1,173.52,1,1.0
CAR001196,1,11,1,3,2,158.32999999999998,1,1.0
CAR002200,1,11,1,1,1,121.62,1,1.0
CAR003347,1,11,1,0,0,143.37,1,1.0
CAR000623,1,11,0,2,1,181.17,1,1.0
CAR000244,1,11,0,2,2,204.16,1,1.0
CAR002443,1,11,1,1,1,170.91,1,1.0
CAR004795,0,9,0,2,0,156.81,1,1.0
CAR000265,0,9,0,2,0,144.31,1,1.0
CAR003024,1,11,1,0,1,140.03,1,1.0
CAR000259,1,11,1,0,1,143.52,1,1.0
CAR000011,1,11,1,1,0,156.91,1,1.0
CAR000254,1,11,1,0,0,150.95,1,1.0
CAR003003,1,11,1,0,1,173.57,1,1.0
CAR000252,1,11,2,3,1,165.19,1,1.0
CAR004808,1,11,3,2,0,144.76,1,1.0
CAR002486,1,11,2,2,1,193.39,1,1.0
CAR002433,0,9,0,2,0,149.78,1,1.0
CAR000234,1,11,1,1,1,123.72,1,1.0
CAR002999,0,9,0,2,0,190.25,1,1.0
CAR000230,1,11,3,2,0,133.54,1,1.0
CAR002998,1,11,2,2,1,146.09,1,1.0
CAR002507,0,9,0,2,0,158.03,1,1.0
CAR000211,1,11,0,2,1,195.04,1,1.0
CAR002521,1,11,1,2,1,142.68,1,1.0
CAR000204,0,9,0,2,0,151.25,1,1.0
CAR002997,1,11,1,1,0,170.1,1,1.0
CAR000199,1,11,0,2,1,166.43,1,1.0
CAR004792,1,11,0,2,2,199.78,1,1.0
CAR003034,1,11,3,2,1,160.38,1,1.0
CAR004712,0,9,0,2,0,153.2,1,1.0
CAR004745,1,11,2,3,1,152.14000000000001,1,1.0
CAR004721,0,9,0,2,0,146.68,1,1.0
CAR003068,1,11,1,0,1,166.35,1,1.0
CAR000384,1,11,1,2,1,152.64000000000001,1,1.0
CAR000381,1,11,1,1,1,184.7,1,1.0
CAR003059,1,11,1,1,0,147.61,1,1.0
CAR002390,1,11,1,1,0,125.19,1,1.0
CAR002400,1,11,2,2,0,151.28,1,1.0
CAR003049,0,9,0,2,0,168.28,1,1.0
CAR004736,1,11,1,0,1,115.66,0,1.0
CAR002405,1,11,0,1,2,133.32999999999998,1,1.0
CAR000329,1,11,1,3,2,200.32999999999998,1,1.0
CAR000280,1,11,3,3,2,136.53,1,1.0
CAR000326,1,11,1,2,0,205.29,1,1.0
CAR003036,1,11,0,2,1,154.51,1,1.0
CAR002419,0,9,0,2,0,125.89,1,1.0
CAR000317,1,11,1,0,1,193.61,1,1.0
CAR004778,1,11,1,1,0,120.89,1,1.0
CAR004783,1,11,1,1,0,151.1,1,1.0
CAR002422,1,11,1,2,2,172.48,1,1.0
CAR000298,1,11,1,3,2,144.82,1,1.0
CAR002203,1,11,2,3,1,146.43,1,1.0
CAR000289,1,11,1,0,0,121.1,1,1.0
CAR002968,1,11,2,3,1,131.45000000000002,1,1.0
CAR004850,1,11,3,2,1,163.89,1,1.0
CAR000196,1,11,1,1,0,108.14999999999999,0,1.0
CAR002708,1,11,0,1,2,153.45,1,1.0
CAR002653,1,11,1,3,0,147.41,1,1.0
CAR002842,0,9,0,2,0,129.26,1,1.0
CAR000079,1,11,1,0,0,174.32,1,1.0
CAR002669,1,11,0,2,1,166.99,1,1.0
CAR002838,1,11,3,3,2,123.73,1,1.0
CAR002675,0,9,0,2,0,167.28,1,1.0
CAR000069,1,11,1,0,0,137.37,1,1.0
CAR004945,1,11,0,2,0,150.67,1,1.0
CAR004946,1,11,3,2,1,175.53,1,1.0
CAR002820,1,11,0,2,1,126.34,1,1.0
CAR004977,1,11,2,3,1,141.94,1,1.0
CAR002546,1,11,3,3,2,135.07,1,1.0
CAR002715,0,9,0,2,0,156.88,1,1.0
CAR004978,1,11,1,2,1,184.74,1,1.0
CAR004983,0,9,0,2,0,176.97,1,1.0
CAR000030,1,11,2,2,2,174.0,1,1.0
CAR002724,1,11,2,3,1,147.59,1,1.0
CAR004989,1,11,3,2,1,172.82,1,1.0
CAR002726,0,9,0,2,0,152.38,1,1.0
CAR002787,1,11,1,0,0,161.09,1,1.0
CAR002785,1,11,2,2,0,171.56,1,1.0
CAR004991,1,11,3,2,0,196.44,1,1.0
CAR004926,1,11,1,1,0,151.43,1,1.0
CAR002648,1,11,1,0,0,169.17000000000002,1,1.0
CAR000092,1,11,0,2,0,168.68,1,1.0
CAR002638,0,9,0,2,0,145.6,1,1.0
CAR000193,1,11,2,2,0,186.41,1,1.0
CAR000191,1,11,2,2,0,168.63,1,1.0
CAR002931,1,11,1,0,1,145.83,1,1.0
CAR002930,1,11,0,2,0,159.71,1,1.0
CAR002926,1,11,0,2,0,151.13,1,1.0
CAR004874,0,9,0,2,0,154.32999999999998,1,1.0
CAR002599,1,11,2,2,2,199.12,1,1.0
CAR004879,0,9,0,2,0,175.65,1,1.0
CAR002912,1,11,1,3,2,144.19,1,1.0
CAR000150,1,11,0,1,2,187.98,1,1.0
CAR002614,1,11,1,1,0,162.19,1,1.0
CAR002617,1,11,1,2,2,179.76,1,1.0
CAR000132,1,11,3,2,1,125.28,1,1.0
CAR002618,0,9,0,2,0,123.52,1,1.0
CAR002890,0,9,0,2,0,146.86,1,1.0
CAR004895,1,11,1,0,0,158.57,1,1.0
CAR004911,1,11,1,0,1,130.3,1,1.0
CAR002630,0,9,0,2,0,158.07,1,1.0
CAR004914,1,11,1,2,0,170.07,1,1.0
CAR002633,1,11,2,3,1,130.75,1,1.0
CAR002635,1,11,1,0,1,149.61,1,1.0
CAR003082,1,11,2,2,1,158.73,1,1.0
CAR000292,1,11,0,1,2,140.51000000000002,1,1.0
CAR003094,1,11,0,2,2,155.42999999999998,1,1.0
CAR002278,1,11,1,0,1,136.38,1,1.0
CAR002271,0,9,0,2,0,157.26000000000002,1,1.0
CAR003208,1,11,3,3,2,143.07,1,1.0
CAR004633,1,11,3,2,0,168.7,1,1.0
CAR004637,0,9,0,2,0,155.18,1,1.0
CAR000511,1,11,3,2,1,168.71,1,1.0
CAR003207,1,11,1,3,2,151.44,1,1.0
CAR000502,1,11,1,1,1,148.78,1,1.0
CAR004639,1,11,3,2,1,193.06,1,1.0
CAR000494,0,9,0,2,0,142.95000000000002,1,1.0
CAR000491,1,11,3,2,0,167.4,1,1.0
CAR000481,1,11,3,2,1,145.88,1,1.0
CAR000448,1,11,1,3,0,159.93,1,1.0
CAR003191,1,11,3,2,1,199.2,1,1.0
CAR002300,1,11,0,2,0,160.43,1,1.0
CAR004656,1,11,1,3,0,154.3,1,1.0
CAR002304,1,11,1,1,0,141.54,1,1.0
CAR002305,1,11,3,2,1,198.74,1,1.0
CAR002306,0,9,0,2,0,150.08,1,1.0
CAR002311,0,9,0,2,0,158.88,1,1.0
CAR004665,1,11,2,2,2,134.17000000000002,1,1.0
CAR004666,0,9,0,2,0,145.37,1,1.0
CAR000453,1,11,1,0,0,140.77,1,1.0
CAR002260,1,11,3,2,0,176.36,1,1.0
CAR004627,0,9,0,2,0,155.01,1,1.0
CAR002250,1,11,3,2,0,148.77,1,1.0
CAR004604,1,11,1,3,2,139.16,1,1.0
CAR000617,1,11,2,2,0,135.71,1,1.0
CAR004567,1,11,1,0,0,172.28,1,1.0
CAR000611,1,11,1,3,0,154.67000000000002,1,1.0
CAR004568,0,9,0,2,0,154.35,1,1.0
CAR002204,0,9,0,2,0,147.47,1,1.0
CAR002205,1,11,1,0,0,153.18,1,1.0
CAR003284,1,11,3,2,1,182.39,1,1.0
CAR000591,1,11,3,2,0,171.28,1,1.0
CAR004575,1,11,2,2,0,203.92,1,1.0
CAR000580,1,11,1,2,2,157.54,1,1.0
CAR000578,0,9,0,2,0,145.83,1,1.0
CAR002229,1,11,1,1,0,120.67999999999999,1,1.0
CAR000563,0,9,0,2,0,140.5,1,1.0
CAR004576,1,11,2,3,1,150.69,1,1.0
CAR002234,1,11,1,2,2,145.94,1,1.0
CAR004592,1,11,3,2,1,143.23000000000002,1,1.0
CAR000549,1,11,0,2,1,125.46,1,1.0
CAR003237,1,11,0,2,1,136.42000000000002,1,1.0
CAR000547,1,11,1,1,1,136.91,1,1.0
CAR003235,0,9,0,2,0,154.45000000000002,1,1.0
CAR002244,0,9,0,2,0,122.11,1,1.0
CAR002324,1,11,2,2,0,125.23,1,1.0
CAR003855,1,11,2,2,1,154.76,1,1.0
CAR004707,1,11,1,3,0,154.54999999999998,1,1.0
CAR000406,1,11,1,0,0,166.25,1,1.0
CAR004683,1,11,1,1,0,146.26,1,1.0
CAR003099,1,11,1,1,0,135.71,1,1.0
CAR004671,1,11,1,1,0,130.72,1,1.0
CAR000402,0,9,0,2,0,161.57,1,1.0
CAR000405,1,11,1,2,0,157.43,1,1.0
CAR004702,0,9,0,2,0,141.39,1,1.0
CAR002341,1,11,0,1,2,154.23,1,1.0
CAR000411,0,9,0,2,0,133.19,1,1.0
CAR002357,1,11,1,1,1,119.9,0,1.0
CAR003141,1,11,3,2,0,125.06,1,1.0
CAR002338,1,11,2,2,2,181.35999999999999,1,1.0
CAR000720,0,9,3,2,2,150.16,1,0.9100313115986381
CAR002459,0,9,3,2,2,124.39999999999999,1,0.9100313115986381
CAR003794,0,9,3,2,2,157.02,1,0.9100313115986381
CAR003797,0,9,3,2,2,128.07,1,0.9100313115986381
CAR003117,0,9,3,2,2,144.49,1,0.9100313115986381
CAR001588,0,9,3,2,2,180.7,1,0.9100313115986381
CAR001619,0,9,3,2,2,154.68,1,0.9100313115986381
CAR000112,0,9,3,2,2,174.55,1,0.9100313115986381
CAR002243,0,9,3,2,2,136.92,1,0.9100313115986381
CAR002629,0,9,3,2,2,148.45,1,0.9100313115986381
CAR002889,0,9,3,2,2,167.54999999999998,1,0.9100313115986381
CAR001023,0,9,3,2,2,127.96,1,0.9100313115986381
CAR000124,0,9,3,2,2,133.76,1,0.9100313115986381
CAR000138,0,9,3,2,2,134.85,1,0.9100313115986381
CAR000139,0,9,3,2,2,132.39000000000001,1,0.9100313115986381
CAR000527,0,9,3,2,2,141.70000000000002,1,0.9100313115986381
CAR001359,0,9,3,2,2,163.97,1,0.9100313115986381
CAR001966,0,9,3,2,2,155.39,1,0.9100313115986381
CAR004322,0,9,3,2,2,191.82,1,0.9100313115986381
CAR000089,0,9,3,2,2,158.76,1,0.9100313115986381
CAR001953,0,9,3,2,2,133.62,1,0.9100313115986381
CAR000614,0,9,3,2,2,169.03,1,0.9100313115986381
CAR004986,0,9,3,2,2,156.98000000000002,1,0.9100313115986381
CAR001460,0,9,3,2,2,111.51,0,0.9100313115986381
CAR004301,0,9,3,2,2,164.08,1,0.9100313115986381
CAR003886,0,9,3,2,2,132.15,1,0.9100313115986381
CAR002210,0,9,3,2,2,138.06,1,0.9100313115986381
CAR001527,0,9,3,2,2,151.74,1,0.9100313115986381
CAR002802,0,9,3,2,2,158.11,1,0.9100313115986381
CAR002385,0,9,3,2,2,150.27,1,0.9100313115986381
CAR002700,0,9,3,2,2,161.23999999999998,1,0.9100313115986381
CAR002826,0,9,3,2,2,153.19,1,0.9100313115986381
CAR004964,0,9,3,2,2,129.03,1,0.9100313115986381
CAR001941,0,9,3,2,2,138.56,1,0.9100313115986381
CAR001964,0,9,3,2,2,121.99,1,0.9100313115986381
CAR004929,0,9,3,2,2,136.04,1,0.9100313115986381
CAR000077,0,9,3,2,2,187.23999999999998,1,0.9100313115986381
CAR000693,0,9,3,2,2,167.55,1,0.9100313115986381
CAR002881,0,9,3,2,2,129.95,1,0.9100313115986381
CAR001372,0,9,3,2,2,146.15,1,0.9100313115986381
CAR002612,0,9,3,2,2,148.92000000000002,1,0.9100313115986381
CAR004882,0,9,3,2,2,133.87,1,0.9100313115986381
CAR000535,0,9,3,2,2,125.13,1,0.9100313115986381
CAR003200,0,9,3,2,2,166.05,1,0.9100313115986381
CAR000247,0,9,3,2,2,145.16,1,0.9100313115986381
CAR003614,0,9,3,2,2,136.82,1,0.9100313115986381
CAR000284,0,9,3,2,2,176.18,1,0.9100313115986381
CAR001776,0,9,3,2,2,146.97,1,0.9100313115986381
CAR002068,0,9,3,2,2,128.31,1,0.9100313115986381
CAR004832,0,9,3,2,2,146.87,1,0.9100313115986381
CAR001088,0,9,3,2,2,131.88,1,0.9100313115986381
CAR001804,0,9,3,2,2,146.42,1,0.9100313115986381
CAR002017,0,9,3,2,2,144.03,1,0.9100313115986381
CAR000799,0,9,3,2,2,163.0,1,0.9100313115986381
CAR001197,0,9,3,2,2,129.39,1,0.9100313115986381
CAR000205,0,9,3,2,2,150.63,1,0.9100313115986381
CAR000431,0,9,3,2,2,131.67000000000002,1,0.9100313115986381
CAR001868,0,9,3,2,2,156.63,1,0.9100313115986381
CAR002421,0,9,3,2,2,138.51,1,0.9100313115986381
CAR001210,0,9,3,2,2,131.72,1,0.9100313115986381
CAR000184,0,9,3,2,2,147.56,1,0.9100313115986381
CAR001057,0,9,3,2,2,163.84,1,0.9100313115986381
CAR004233,0,9,3,2,2,127.48,1,0.9100313115986381
CAR003435,0,9,3,2,2,126.61,1,0.9100313115986381
CAR003523,0,9,3,2,2,122.5,1,0.9100313115986381
CAR004161,0,9,3,2,2,117.53,0,0.9100313115986381
CAR002913,0,9,3,2,2,177.17000000000002,1,0.9100313115986381
CAR001698,0,9,3,2,2,150.84,1,0.9100313115986381
CAR004135,0,9,3,2,2,167.57,1,0.9100313115986381
CAR003462,0,9,3,2,2,143.21,1,0.9100313115986381
CAR001151,0,9,3,2,2,158.42,1,0.9100313115986381
CAR000833,0,9,3,2,2,156.63,1,0.9100313115986381
CAR003143,0,9,3,2,2,136.18,1,0.9100313115986381
CAR002317,0,9,3,2,2,128.79,1,0.9100313115986381
CAR001791,0,9,3,2,0,143.76,1,0.8894574930314394
CAR001945,0,9,3,2,0,151.45,1,0.8894574930314394
CAR003588,0,9,3,2,0,136.37,1,0.8894574930314394
CAR002168,0,9,3,2,0,153.03,1,0.8894574930314394
CAR003290,0,9,3,2,0,162.64,1,0.8894574930314394
CAR003147,0,9,3,2,0,122.19,1,0.8894574930314394
CAR002828,0,9,3,2,0,151.15,1,0.8894574930314394
CAR003324,0,9,3,2,0,105.75,0,0.8894574930314394
CAR002688,0,9,3,2,0,130.08,1,0.8894574930314394
CAR002836,0,9,3,2,0,177.96,1,0.8894574930314394
CAR003079,0,9,3,2,0,140.12,1,0.8894574930314394
CAR003600,0,9,3,2,0,162.97,1,0.8894574930314394
CAR002437,0,9,3,2,0,154.38,1,0.8894574930314394
CAR003318,0,9,3,2,0,168.76,1,0.8894574930314394
CAR002056,0,9,3,2,0,137.67,1,0.8894574930314394
CAR003595,0,9,3,2,0,126.77,1,0.8894574930314394
CAR003731,0,9,3,2,0,130.96,1,0.8894574930314394
CAR003330,0,9,3,2,0,140.39,1,0.8894574930314394
CAR003058,0,9,3,2,0,156.78,1,0.8894574930314394
CAR003131,0,9,3,2,0,136.29,1,0.8894574930314394
CAR001683,0,9,3,2,0,154.7,1,0.8894574930314394
CAR002616,0,9,3,2,0,162.74,1,0.8894574930314394
CAR003155,0,9,3,2,0,166.62,1,0.8894574930314394
CAR002409,0,9,3,2,0,168.51,1,0.8894574930314394
CAR002915,0,9,3,2,0,153.98999999999998,1,0.8894574930314394
CAR001894,0,9,3,2,0,143.10999999999999,1,0.8894574930314394
CAR002586,0,9,3,2,0,140.7,1,0.8894574930314394
CAR001992,0,9,3,2,0,157.53,1,0.8894574930314394
CAR002342,0,9,3,2,0,164.85,1,0.8894574930314394
CAR001612,0,9,3,2,0,171.02,1,0.8894574930314394
CAR002406,0,9,3,2,0,136.68,1,0.8894574930314394
CAR003091,0,9,3,2,0,136.1,1,0.8894574930314394
CAR001602,0,9,3,2,0,159.66,1,0.8894574930314394
CAR001599,0,9,3,2,0,138.03,1,0.8894574930314394
CAR002285,0,9,3,2,0,152.05,1,0.8894574930314394
CAR003184,0,9,3,2,0,186.24,1,0.8894574930314394
CAR002153,0,9,3,2,0,134.23,1,0.8894574930314394
CAR001572,0,9,3,2,0,151.91,1,0.8894574930314394
CAR002524,0,9,3,2,0,148.49,1,0.8894574930314394
CAR003732,0,9,3,2,0,127.61,1,0.8894574930314394
CAR002394,0,9,3,2,0,156.42000000000002,1,0.8894574930314394
CAR003169,0,9,3,2,0,132.47,1,0.8894574930314394
CAR003054,0,9,3,2,0,132.51999999999998,1,0.8894574930314394
CAR000001,0,9,3,2,0,109.49,0,0.8894574930314394
CAR001248,0,9,3,2,0,165.57999999999998,1,0.8894574930314394
CAR003975,0,9,3,2,0,129.29,1,0.8894574930314394
CAR004907,0,9,3,2,0,134.22,1,0.8894574930314394
CAR000122,0,9,3,2,0,184.16,1,0.8894574930314394
CAR004202,0,9,3,2,0,143.42000000000002,1,0.8894574930314394
CAR004196,0,9,3,2,0,133.25,1,0.8894574930314394
CAR000428,0,9,3,2,0,128.36,1,0.8894574930314394
CAR001354,0,9,3,2,0,158.12,1,0.8894574930314394
CAR000426,0,9,3,2,0,145.75,1,0.8894574930314394
CAR004881,0,9,3,2,0,135.63,1,0.8894574930314394
CAR004700,0,9,3,2,0,166.91,1,0.8894574930314394
CAR003963,0,9,3,2,0,145.54,1,0.8894574930314394
CAR004709,0,9,3,2,0,135.21,1,0.8894574930314394
CAR001128,0,9,3,2,0,141.64,1,0.8894574930314394
CAR004106,0,9,3,2,0,165.62,1,0.8894574930314394
CAR004226,0,9,3,2,0,154.45000000000002,1,0.8894574930314394
CAR004092,0,9,3,2,0,129.46,1,0.8894574930314394
CAR000347,0,9,3,2,0,115.08,0,0.8894574930314394
CAR004089,0,9,3,2,0,144.26,1,0.8894574930314394
CAR004731,0,9,3,2,0,157.39,1,0.8894574930314394
CAR000705,0,9,3,2,0,188.57999999999998,1,0.8894574930314394
CAR004482,0,9,3,2,0,183.19,1,0.8894574930314394
CAR000333,0,9,3,2,0,120.58,1,0.8894574930314394
CAR003997,0,9,3,2,0,148.71,1,0.8894574930314394
CAR004784,0,9,3,2,0,188.60999999999999,1,0.8894574930314394
CAR004790,0,9,3,2,0,135.66,1,0.8894574930314394
CAR001266,0,9,3,2,0,166.74,1,0.8894574930314394
CAR001253,0,9,3,2,0,144.16,1,0.8894574930314394
CAR000102,0,9,3,2,0,150.7,1,0.8894574930314394
CAR000475,0,9,3,2,0,141.95000000000002,1,0.8894574930314394
CAR000796,0,9,3,2,0,130.98,1,0.8894574930314394
CAR003890,0,9,3,2,0,179.34,1,0.8894574930314394
CAR000603,0,9,3,2,0,123.95,1,0.8894574930314394
CAR004564,0,9,3,2,0,145.02,1,0.8894574930314394
CAR000050,0,9,3,2,0,141.58,1,0.8894574930314394
CAR000635,0,9,3,2,0,138.4,1,0.8894574930314394
CAR004556,0,9,3,2,0,163.68,1,0.8894574930314394
CAR000538,0,9,3,2,0,156.14000000000001,1,0.8894574930314394
CAR004546,0,9,3,2,0,132.95,1,0.8894574930314394
CAR000054,0,9,3,2,0,165.13,1,0.8894574930314394
CAR004651,0,9,3,2,0,149.38,1,0.8894574930314394
CAR000795,0,9,3,2,0,134.64,1,0.8894574930314394
CAR000525,0,9,3,2,0,167.57,1,0.8894574930314394
CAR004337,0,9,3,2,0,118.96,0,0.8894574930314394
CAR000068,0,9,3,2,0,163.73,1,0.8894574930314394
CAR001425,0,9,3,2,0,145.63,1,0.8894574930314394
CAR004638,0,9,3,2,0,140.52,1,0.8894574930314394
CAR000485,0,9,3,2,0,147.71,1,0.8894574930314394
CAR000660,0,9,3,2,0,149.19,1,0.8894574930314394
CAR003943,0,9,3,2,0,162.45,1,0.8894574930314394
CAR001482,0,9,3,2,0,135.71,1,0.8894574930314394
CAR004927,0,9,3,2,0,111.58,0,0.8894574930314394
CAR001215,1,11,3,1,1,147.0,1,0.8863464241480673
CAR000273,1,11,3,1,1,163.88,1,0.8863464241480673
CAR000873,1,11,3,1,1,153.48,1,0.8863464241480673
CAR003671,1,11,3,1,1,156.35,1,0.8863464241480673
CAR003002,1,11,3,1,1,169.45000000000002,1,0.8863464241480673
CAR001893,1,11,3,1,1,129.77,1,0.8863464241480673
CAR004622,1,11,3,1,1,138.09,1,0.8863464241480673
CAR003038,1,11,3,1,1,142.48,1,0.8863464241480673
CAR004429,1,11,3,1,1,152.73,1,0.8863464241480673
CAR000401,1,11,3,1,1,151.12,1,0.8863464241480673
CAR004175,1,11,3,1,1,133.41,1,0.8863464241480673
CAR000522,1,11,3,1,1,156.6,1,0.8863464241480673
CAR000490,1,11,3,1,1,152.0,1,0.8863464241480673
CAR001680,1,11,3,1,1,133.15,1,0.8863464241480673
CAR004026,1,11,3,1,1,164.08,1,0.8863464241480673
CAR003345,1,11,3,1,1,149.02,1,0.8863464241480673
CAR002592,1,11,3,1,1,156.94,1,0.8863464241480673
CAR000168,1,11,3,1,1,138.45,1,0.8863464241480673
CAR002588,1,11,3,1,1,146.27,1,0.8863464241480673
CAR001298,1,11,3,1,1,139.29,1,0.8863464241480673
CAR002936,1,11,3,1,1,153.42000000000002,1,0.8863464241480673
CAR000203,1,11,3,1,1,125.58,1,0.8863464241480673
CAR001509,1,11,3,1,1,119.13000000000001,0,0.8863464241480673
CAR002823,1,11,3,1,1,131.88,1,0.8863464241480673
CAR001325,1,11,3,1,1,116.56,0,0.8863464241480673
CAR000134,0,9,2,2,0,148.62,1,0.8690266943219852
CAR003171,0,9,2,2,0,128.87,1,0.8690266943219852
CAR004657,0,9,2,2,0,143.34,1,0.8690266943219852
CAR002129,0,9,2,2,0,155.12,1,0.8690266943219852
CAR000469,0,9,2,2,0,126.85,1,0.8690266943219852
CAR003166,0,9,2,2,0,155.48000000000002,1,0.8690266943219852
CAR000663,0,9,2,2,0,151.77,1,0.8690266943219852
CAR002613,0,9,2,2,0,155.52,1,0.8690266943219852
CAR002139,0,9,2,2,0,129.62,1,0.8690266943219852
CAR004916,0,9,2,2,0,134.79,1,0.8690266943219852
CAR003571,0,9,2,2,0,146.48,1,0.8690266943219852
CAR000423,0,9,2,2,0,124.76,1,0.8690266943219852
CAR002048,0,9,2,2,0,132.4,1,0.8690266943219852
CAR002919,0,9,2,2,0,127.77,1,0.8690266943219852
CAR002363,0,9,2,2,0,149.39,1,0.8690266943219852
CAR003587,0,9,2,2,0,138.57,1,0.8690266943219852
CAR000814,0,9,2,2,0,124.72,1,0.8690266943219852
CAR000207,0,9,2,2,0,164.39000000000001,1,0.8690266943219852
CAR003946,0,9,2,2,0,169.16,1,0.8690266943219852
CAR002526,0,9,2,2,0,136.65,1,0.8690266943219852
CAR002219,0,9,2,2,0,133.10999999999999,1,0.8690266943219852
CAR002761,0,9,2,2,0,117.89,0,0.8690266943219852
CAR000019,0,9,2,2,0,136.41,1,0.8690266943219852
CAR003253,0,9,2,2,0,147.25,1,0.8690266943219852
CAR000048,0,9,2,2,0,121.55,1,0.8690266943219852
CAR002816,0,9,2,2,0,147.27,1,0.8690266943219852
CAR001956,0,9,2,2,0,136.88,1,0.8690266943219852
CAR003848,0,9,2,2,0,132.07,1,0.8690266943219852
CAR003839,0,9,2,2,0,115.98,0,0.8690266943219852
CAR000974,0,9,2,2,0,148.12,1,0.8690266943219852
CAR000999,0,9,2,2,0,152.55,1,0.8690266943219852
CAR003837,0,9,2,2,0,136.69,1,0.8690266943219852
CAR002678,0,9,2,2,0,141.48000000000002,1,0.8690266943219852
CAR002677,0,9,2,2,0,168.12,1,0.8690266943219852
CAR004645,0,9,2,2,0,142.49,1,0.8690266943219852
CAR001914,0,9,2,2,0,162.44,1,0.8690266943219852
CAR003513,0,9,2,2,0,130.99,1,0.8690266943219852
CAR002873,0,9,2,2,0,111.96,0,0.8690266943219852
CAR001050,0,9,2,2,0,127.22,1,0.8690266943219852
CAR003531,0,9,2,2,0,127.14,1,0.8690266943219852
CAR003780,0,9,2,2,0,145.78,1,0.8690266943219852
CAR000396,0,9,2,2,0,145.4,1,0.8690266943219852
CAR000717,0,9,2,2,0,161.75,1,0.8690266943219852
CAR002566,0,9,2,2,0,157.76,1,0.8690266943219852
CAR004715,0,9,2,2,0,155.79,1,0.8690266943219852
CAR002434,0,9,2,2,0,123.76,1,0.8690266943219852
CAR004860,0,9,2,2,0,145.99,1,0.8690266943219852
CAR003032,0,9,2,2,0,153.22,1,0.8690266943219852
CAR003645,0,9,2,2,0,122.87,1,0.8690266943219852
CAR000269,0,9,2,2,0,135.46,1,0.8690266943219852
CAR004796,0,9,2,2,0,164.24,1,0.8690266943219852
CAR002482,0,9,2,2,0,124.72,1,0.8690266943219852
CAR002937,0,9,2,2,0,136.59,1,0.8690266943219852
CAR002540,0,9,2,2,0,156.85999999999999,1,0.8690266943219852
CAR002970,0,9,2,2,0,142.18,1,0.8690266943219852
CAR004809,0,9,2,2,0,160.58,1,0.8690266943219852
CAR003685,0,9,2,2,0,143.96,1,0.8690266943219852
CAR002037,0,9,2,2,0,169.11,1,0.8690266943219852
CAR004820,0,9,2,2,0,136.70000000000002,1,0.8690266943219852
CAR001684,0,9,2,2,0,140.67000000000002,1,0.8690266943219852
CAR000210,0,9,2,2,0,145.4,1,0.8690266943219852
CAR001733,0,9,2,2,0,178.21,1,0.8690266943219852
CAR004017,0,9,2,2,0,146.78,1,0.8690266943219852
CAR000593,0,9,2,2,0,150.53,1,0.8690266943219852
CAR001321,0,9,2,2,0,135.06,1,0.8690266943219852
CAR004723,0,9,2,2,0,177.23999999999998,1,0.8690266943219852
CAR000179,0,9,2,2,0,145.07,1,0.8690266943219852
CAR002028,0,9,2,2,0,155.82,1,0.8690266943219852
CAR003608,0,9,2,2,0,174.73,1,0.8690266943219852
CAR003988,0,9,2,2,0,137.98,1,0.8690266943219852
CAR003636,0,9,2,2,0,156.04,1,0.8690266943219852
CAR000377,0,9,2,2,0,132.34,1,0.8690266943219852
CAR002577,0,9,2,2,0,152.53,1,0.8690266943219852
CAR001318,0,9,2,2,0,168.79,1,0.8690266943219852
CAR003626,0,9,2,2,0,127.24,1,0.8690266943219852
CAR004498,0,9,2,2,0,123.30999999999999,1,0.8690266943219852
CAR000830,0,9,2,2,0,136.74,1,0.8690266943219852
CAR001746,0,9,2,2,0,113.58,0,0.8690266943219852
CAR004776,0,9,2,2,0,144.89,1,0.8690266943219852
CAR001169,0,9,2,2,0,157.52,1,0.8690266943219852
CAR000713,0,9,0,2,1,146.67,1,0.8672769980331262
CAR000745,0,9,0,2,1,142.28,1,0.8672769980331262
CAR000669,0,9,0,2,1,153.88,1,0.8672769980331262
CAR003370,0,9,0,2,1,156.51,1,0.8672769980331262
CAR003341,0,9,0,2,1,133.96,1,0.8672769980331262
CAR000594,0,9,0,2,1,150.51,1,0.8672769980331262
CAR000743,0,9,0,2,1,155.28,1,0.8672769980331262
CAR002121,0,9,0,2,1,149.23999999999998,1,0.8672769980331262
CAR003349,0,9,0,2,1,131.6,1,0.8672769980331262
CAR004765,0,9,0,2,1,122.27,1,0.8672769980331262
CAR003274,0,9,0,2,1,136.19,1,0.8672769980331262
CAR003257,0,9,0,2,1,164.95,1,0.8672769980331262
CAR002717,0,9,0,2,1,161.81,1,0.8672769980331262
CAR002696,0,9,0,2,1,135.47,1,0.8672769980331262
CAR002687,0,9,0,2,1,112.25,0,0.8672769980331262
CAR000070,0,9,0,2,1,143.0,1,0.8672769980331262
CAR002662,0,9,0,2,1,167.01,1,0.8672769980331262
CAR000091,0,9,0,2,1,169.36,1,0.8672769980331262
CAR002900,0,9,0,2,1,123.58,1,0.8672769980331262
CAR000131,0,9,0,2,1,119.49,0,0.8672769980331262
CAR004884,0,9,0,2,1,149.05,1,0.8672769980331262
CAR004880,0,9,0,2,1,139.79,1,0.8672769980331262
CAR000188,0,9,0,2,1,129.78,1,0.8672769980331262
CAR002544,0,9,0,2,1,153.12,1,0.8672769980331262
CAR002509,0,9,0,2,1,148.11,1,0.8672769980331262
CAR002490,0,9,0,2,1,138.65,1,0.8672769980331262
CAR004801,0,9,0,2,1,158.26,1,0.8672769980331262
CAR002408,0,9,0,2,1,144.38,1,0.8672769980331262
CAR000334,0,9,0,2,1,173.69,1,0.8672769980331262
CAR000344,0,9,0,2,1,155.41,1,0.8672769980331262
CAR004730,0,9,0,2,1,157.39,1,0.8672769980331262
CAR000386,0,9,0,2,1,134.06,1,0.8672769980331262
CAR003101,0,9,0,2,1,150.65,1,0.8672769980331262
CAR000456,0,9,0,2,1,132.28,1,0.8672769980331262
CAR002287,0,9,0,2,1,135.42,1,0.8672769980331262
CAR003221,0,9,0,2,1,161.22,1,0.8672769980331262
CAR004601,0,9,0,2,1,158.46,1,0.8672769980331262
CAR000575,0,9,0,2,1,161.01999999999998,1,0.8672769980331262
CAR002224,0,9,0,2,1,153.73000000000002,1,0.8672769980331262
CAR000765,0,9,0,2,1,158.12,1,0.8672769980331262
CAR001483,0,9,0,2,1,129.08,1,0.8672769980331262
CAR003405,0,9,0,2,1,159.31,1,0.8672769980331262
CAR003643,0,9,0,2,1,137.45000000000002,1,0.8672769980331262
CAR001725,0,9,0,2,1,129.01999999999998,1,0.8672769980331262
CAR004050,0,9,0,2,1,148.85999999999999,1,0.8672769980331262
CAR001293,0,9,0,2,1,139.54,1,0.8672769980331262
CAR003852,0,9,0,2,1,162.66,1,0.8672769980331262
CAR001989,0,9,0,2,1,131.10999999999999,1,0.8672769980331262
CAR003962,0,9,0,2,1,141.58,1,0.8672769980331262
CAR003464,0,9,0,2,1,177.66,1,0.8672769980331262
CAR001448,0,9,0,2,1,127.14,1,0.8672769980331262
CAR000908,0,9,0,2,1,147.23,1,0.8672769980331262
CAR004306,0,9,0,2,1,153.1,1,0.8672769980331262
CAR001621,0,9,0,2,1,152.2,1,0.8672769980331262
CAR003760,0,9,0,2,1,147.56,1,0.8672769980331262
CAR001168,0,9,0,2,1,139.89,1,0.8672769980331262
CAR003468,0,9,0,2,1,129.23999999999998,1,0.8672769980331262
CAR003927,0,9,0,2,1,162.04000000000002,1,0.8672769980331262
CAR001841,0,9,0,2,1,141.27,1,0.8672769980331262
CAR003510,0,9,0,2,1,127.71999999999998,1,0.8672769980331262
CAR001570,0,9,0,2,1,168.5,1,0.8672769980331262
CAR004179,0,9,0,2,1,128.51,1,0.8672769980331262
CAR003567,0,9,0,2,1,144.03,1,0.8672769980331262
CAR002779,0,9,0,2,1,145.84,1,0.8672769980331262
CAR002016,0,9,0,2,1,156.28,1,0.8672769980331262
CAR004332,0,9,0,2,1,143.67000000000002,1,0.8672769980331262
CAR001667,0,9,0,2,1,114.57,0,0.8672769980331262
CAR003854,0,9,0,2,1,171.85,1,0.8672769980331262
CAR001697,0,9,0,2,1,148.74,1,0.8672769980331262
CAR003681,0,9,0,2,1,162.51,1,0.8672769980331262
CAR000804,0,9,0,2,1,158.44,1,0.8672769980331262
CAR003440,0,9,0,2,1,140.57,1,0.8672769980331262
CAR001498,0,9,0,2,1,142.68,1,0.8672769980331262
CAR001477,0,9,0,2,1,136.67000000000002,1,0.8672769980331262
CAR002044,0,9,0,2,1,130.04,1,0.8672769980331262
CAR000788,0,9,0,2,1,163.06,1,0.8672769980331262
CAR004027,0,9,0,2,1,143.18,1,0.8672769980331262
CAR003451,0,9,0,2,1,132.64999999999998,1,0.8672769980331262
CAR001690,0,9,0,2,1,156.84,1,0.8672769980331262
CAR002759,1,11,2,0,1,152.07,1,0.8610633767277279
CAR001691,1,11,2,0,1,165.82,1,0.8610633767277279
CAR002288,1,11,2,0,1,158.21,1,0.8610633767277279
CAR003796,1,11,2,0,1,171.81,1,0.8610633767277279
CAR002333,1,11,2,0,1,110.71000000000001,0,0.8610633767277279
CAR000463,1,11,2,0,1,154.0,1,0.8610633767277279
CAR001543,1,11,2,0,1,167.07,1,0.8610633767277279
CAR001348,1,11,2,0,1,163.70000000000002,1,0.8610633767277279
CAR001823,1,11,2,0,1,164.02,1,0.8610633767277279
CAR003210,1,11,2,0,1,120.62,1,0.8610633767277279
CAR004019,1,11,2,0,1,142.64000000000001,1,0.8610633767277279
CAR001556,1,11,2,0,1,124.72,1,0.8610633767277279
CAR003157,1,11,2,0,1,142.93,1,0.8610633767277279
CAR002597,1,11,2,0,1,151.85,1,0.8610633767277279
CAR002174,1,11,2,0,1,133.48,1,0.8610633767277279
CAR004083,1,11,2,0,1,131.07999999999998,1,0.8610633767277279
CAR000731,1,11,2,0,1,132.02,1,0.8610633767277279
CAR001764,1,11,2,0,1,132.03,1,0.8610633767277279
CAR000055,1,11,2,0,1,147.93,1,0.8610633767277279
CAR003755,1,11,2,0,1,148.01,1,0.8610633767277279
CAR001258,1,11,2,0,1,167.56,1,0.8610633767277279
CAR004336,1,11,2,1,2,135.11,1,0.8429311069258323
CAR003802,1,11,2,1,2,153.42,1,0.8429311069258323
CAR004660,1,11,2,1,2,155.47,1,0.8429311069258323
CAR003027,1,11,2,1,2,143.47,1,0.8429311069258323
CAR000465,1,11,2,1,2,153.85,1,0.8429311069258323
CAR001875,1,11,2,1,2,140.15,1,0.8429311069258323
CAR002812,1,11,2,1,2,161.4,1,0.8429311069258323
CAR004798,1,11,2,1,2,131.99,1,0.8429311069258323
CAR004120,1,11,2,1,2,146.42,1,0.8429311069258323
CAR004990,1,11,2,1,2,136.24,1,0.8429311069258323
CAR000017,1,11,2,1,2,126.58,1,0.8429311069258323
CAR000081,1,11,2,1,2,131.06,1,0.8429311069258323
CAR001606,1,11,2,1,2,131.8,1,0.8429311069258323
CAR003219,1,11,2,1,2,174.56,1,0.8429311069258323
CAR002740,1,11,2,1,2,107.91,0,0.8429311069258323
CAR004589,1,11,2,1,2,128.63,1,0.8429311069258323
CAR003754,1,11,0,3,2,125.8,1,0.8400128302379224
CAR003581,1,11,0,3,2,131.22,1,0.8400128302379224
CAR004055,1,11,0,3,2,121.07,1,0.8400128302379224
CAR001119,1,11,0,3,2,145.66,1,0.8400128302379224
CAR004816,1,11,0,3,2,167.43,1,0.8400128302379224
CAR000389,1,11,0,3,2,104.41,0,0.8400128302379224
CAR004918,1,11,0,3,2,125.6,1,0.8400128302379224
CAR003896,1,11,0,3,2,160.88,1,0.8400128302379224
CAR004540,1,11,0,3,2,129.35999999999999,1,0.8400128302379224
CAR002872,1,11,0,3,2,149.38,1,0.8400128302379224
CAR003502,1,11,0,3,2,136.91,1,0.8400128302379224
CAR001036,1,11,0,3,2,161.64999999999998,1,0.8400128302379224
CAR004264,1,11,0,3,2,130.47,1,0.8400128302379224
CAR000082,1,11,0,3,2,188.70999999999998,1,0.8400128302379224
CAR004205,1,11,0,3,2,158.67000000000002,1,0.8400128302379224
CAR000046,1,11,0,3,2,151.3,1,0.8400128302379224
CAR000818,1,11,0,3,2,135.95,1,0.8400128302379224
CAR004493,1,11,3,2,2,154.76,1,0.8364537630812174
CAR000546,1,11,3,2,2,172.95,1,0.8364537630812174
CAR004668,1,11,3,2,2,178.45999999999998,1,0.8364537630812174
CAR001465,1,11,3,2,2,130.35,1,0.8364537630812174
CAR004502,1,11,3,2,2,146.62,1,0.8364537630812174
CAR004034,1,11,3,2,2,145.54,1,0.8364537630812174
CAR003729,1,11,3,2,2,147.54999999999998,1,0.8364537630812174
CAR001274,1,11,3,2,2,172.39000000000001,1,0.8364537630812174
CAR000665,1,11,3,2,2,161.41,1,0.8364537630812174
CAR001489,1,11,3,2,2,114.85,0,0.8364537630812174
CAR001361,1,11,3,2,2,155.64,1,0.8364537630812174
CAR000844,1,11,3,2,2,181.2,1,0.8364537630812174
CAR002050,1,11,3,2,2,175.17999999999998,1,0.8364537630812174
CAR004452,1,11,3,2,2,194.3,1,0.8364537630812174
CAR000107,1,11,3,2,2,181.23,1,0.8364537630812174
CAR002965,0,9,2,2,2,167.6,1,0.8273811914293715
CAR001472,0,9,2,2,2,150.14,1,0.8273811914293715
CAR001573,0,9,2,2,2,132.95,1,0.8273811914293715
CAR002541,0,9,2,2,2,150.71,1,0.8273811914293715
CAR002810,0,9,2,2,2,126.92,1,0.8273811914293715
CAR004839,0,9,2,2,2,139.93,1,0.8273811914293715
CAR002963,0,9,2,2,2,136.63,1,0.8273811914293715
CAR002525,0,9,2,2,2,169.01,1,0.8273811914293715
CAR004024,0,9,2,2,2,155.49,1,0.8273811914293715
CAR000027,0,9,2,2,2,107.3,0,0.8273811914293715
CAR001499,0,9,2,2,2,162.15,1,0.8273811914293715
CAR001673,0,9,2,2,2,179.98999999999998,1,0.8273811914293715
CAR004970,0,9,2,2,2,167.2,1,0.8273811914293715
CAR002954,0,9,2,2,2,129.83,1,0.8273811914293715
CAR000074,0,9,2,2,2,159.3,1,0.8273811914293715
CAR001387,0,9,2,2,2,158.54,1,0.8273811914293715
CAR002884,0,9,2,2,2,121.57000000000001,1,0.8273811914293715
CAR004891,0,9,2,2,2,104.7,0,0.8273811914293715
CAR002516,0,9,2,2,2,142.66,1,0.8273811914293715
CAR001355,0,9,2,2,2,119.58,0,0.8273811914293715
CAR001351,0,9,2,2,2,148.89,1,0.8273811914293715
CAR004875,0,9,2,2,2,176.15,1,0.8273811914293715
CAR000167,0,9,2,2,2,130.97,1,0.8273811914293715
CAR002849,0,9,2,2,2,125.58,1,0.8273811914293715
CAR004936,0,9,2,2,2,151.51,1,0.8273811914293715
CAR003877,0,9,2,2,2,155.04,1,0.8273811914293715
CAR003812,0,9,2,2,2,138.2,1,0.8273811914293715
CAR003973,0,9,2,2,2,159.82,1,0.8273811914293715
CAR001615,0,9,2,2,2,135.53,1,0.8273811914293715
CAR004872,0,9,2,2,2,159.29999999999998,1,0.8273811914293715
CAR001416,0,9,2,2,2,131.07,1,0.8273811914293715
CAR003912,0,9,2,2,2,135.06,1,0.8273811914293715
CAR004967,0,9,2,2,2,153.57,1,0.8273811914293715
CAR000051,0,9,2,2,2,143.57999999999998,1,0.8273811914293715
CAR003740,0,9,2,2,2,150.21,1,0.8273811914293715
CAR002517,0,9,2,2,2,146.18,1,0.8273811914293715
CAR001202,0,9,2,2,2,149.21,1,0.8273811914293715
CAR003698,0,9,2,2,2,132.62,1,0.8273811914293715
CAR004230,0,9,2,2,2,131.96,1,0.8273811914293715
CAR001948,0,9,2,2,2,167.09,1,0.8273811914293715
CAR001007,0,9,2,2,2,148.01,1,0.8273811914293715
CAR003209,0,9,2,2,2,134.83,1,0.8273811914293715
CAR001019,0,9,2,2,2,158.51,1,0.8273811914293715
CAR003501,0,9,2,2,2,145.89,1,0.8273811914293715
CAR003199,0,9,2,2,2,137.91,1,0.8273811914293715
CAR001066,0,9,2,2,2,134.62,1,0.8273811914293715
CAR003238,0,9,2,2,2,124.24,1,0.8273811914293715
CAR004654,0,9,2,2,2,149.69,1,0.8273811914293715
CAR002301,0,9,2,2,2,128.42,1,0.8273811914293715
CAR003561,0,9,2,2,2,153.69,1,0.8273811914293715
CAR003565,0,9,2,2,2,140.84,1,0.8273811914293715
CAR000220,0,9,2,2,2,138.87,1,0.8273811914293715
CAR004678,0,9,2,2,2,135.24,1,0.8273811914293715
CAR001959,0,9,2,2,2,145.23,1,0.8273811914293715
CAR004318,0,9,2,2,2,156.59,1,0.8273811914293715
CAR003137,0,9,2,2,2,132.01,1,0.8273811914293715
CAR000836,0,9,2,2,2,156.9,1,0.8273811914293715
CAR003387,0,9,2,2,2,169.84,1,0.8273811914293715
CAR004397,0,9,2,2,2,132.97,1,0.8273811914293715
CAR002040,0,9,2,2,2,155.17,1,0.8273811914293715
CAR003346,0,9,2,2,2,135.62,1,0.8273811914293715
CAR004376,0,9,2,2,2,169.76,1,0.8273811914293715
CAR003443,0,9,2,2,2,153.01999999999998,1,0.8273811914293715
CAR000839,0,9,2,2,2,121.95,1,0.8273811914293715
CAR004331,0,9,2,2,2,114.31,0,0.8273811914293715
CAR004541,0,9,2,2,2,137.78,1,0.8273811914293715
CAR000845,0,9,2,2,2,137.29,1,0.8273811914293715
CAR000637,0,9,2,2,2,156.16,1,0.8273811914293715
CAR004373,0,9,2,2,2,173.42,1,0.8273811914293715
CAR004362,0,9,2,2,2,150.82,1,0.8273811914293715
CAR000607,0,9,2,2,2,126.37,1,0.8273811914293715
CAR000435,0,9,2,2,2,148.22,1,0.8273811914293715
CAR000447,0,9,2,2,2,118.77,0,0.8273811914293715
CAR001191,0,9,2,2,2,117.03,0,0.8273811914293715
CAR000360,0,9,2,2,2,159.16,1,0.8273811914293715
CAR003679,0,9,2,2,2,169.78,1,0.8273811914293715
CAR003670,0,9,2,2,2,137.10999999999999,1,0.8273811914293715
CAR002472,0,9,2,2,2,138.1,1,0.8273811914293715
CAR003004,0,9,2,2,2,143.45,1,0.8273811914293715
CAR001244,0,9,2,2,2,151.53,1,0.8273811914293715
CAR003026,0,9,2,2,2,157.93,1,0.8273811914293715
CAR001719,0,9,2,2,2,112.03,0,0.8273811914293715
CAR000274,0,9,2,2,2,131.39000000000001,1,0.8273811914293715
CAR000315,0,9,2,2,2,141.53,1,0.8273811914293715
CAR000763,0,9,2,2,2,140.6,1,0.8273811914293715
CAR001177,0,9,2,2,2,157.95000000000002,1,0.8273811914293715
CAR001788,0,9,2,2,2,135.11,1,0.8273811914293715
CAR002767,0,9,2,2,2,153.45,1,0.8273811914293715
CAR000413,0,9,2,2,2,126.65,1,0.8273811914293715
CAR004706,0,9,2,2,2,163.92,1,0.8273811914293715
CAR001158,0,9,2,2,2,157.44,1,0.8273811914293715
CAR004137,0,9,2,2,2,149.07,1,0.8273811914293715
CAR004727,0,9,2,2,2,139.96,1,0.8273811914293715
CAR001174,0,9,2,2,2,166.82999999999998,1,0.8273811914293715
CAR004404,0,9,1,2,2,151.53,1,0.81895662192837
CAR003357,0,9,1,2,2,143.4,1,0.81895662192837
CAR003804,0,9,1,2,2,120.7,1,0.81895662192837
CAR004386,0,9,1,2,2,130.63,1,0.81895662192837
CAR003593,0,9,1,2,2,122.25,1,0.81895662192837
CAR003707,0,9,1,2,2,148.94,1,0.81895662192837
CAR003335,0,9,1,2,2,131.89000000000001,1,0.81895662192837
CAR002981,0,9,1,2,2,145.63,1,0.81895662192837
CAR004896,0,9,1,2,2,173.96,1,0.81895662192837
CAR003120,0,9,1,2,2,129.41,1,0.81895662192837
CAR004793,0,9,1,2,2,128.27,1,0.81895662192837
CAR004241,0,9,1,2,2,160.09,1,0.81895662192837
CAR003879,0,9,1,2,2,132.68,1,0.81895662192837
CAR004049,0,9,1,2,2,154.87,1,0.81895662192837
CAR003552,0,9,1,2,2,132.32,1,0.81895662192837
CAR004777,0,9,1,2,2,169.08,1,0.81895662192837
CAR004570,0,9,1,2,2,137.99,1,0.81895662192837
CAR002957,0,9,1,2,2,141.27,1,0.81895662192837
CAR003631,0,9,1,2,2,150.66,1,0.81895662192837
CAR003785,0,9,1,2,2,145.52,1,0.81895662192837
CAR004689,0,9,1,2,2,159.22,1,0.81895662192837
CAR004296,0,9,1,2,2,144.6,1,0.81895662192837
CAR004603,0,9,1,2,2,167.93,1,0.81895662192837
CAR003042,0,9,1,2,2,150.92,1,0.81895662192837
CAR004871,0,9,1,2,2,149.42,1,0.81895662192837
CAR004077,0,9,1,2,2,99.52,0,0.81895662192837
CAR003052,0,9,1,2,2,150.89,1,0.81895662192837
CAR004630,0,9,1,2,2,143.27,1,0.81895662192837
CAR004176,0,9,1,2,2,146.19,1,0.81895662192837
CAR002479,0,9,1,2,2,142.33,1,0.81895662192837
CAR002404,0,9,1,2,2,137.4,1,0.81895662192837
CAR001925,0,9,1,2,2,134.85999999999999,1,0.81895662192837
CAR002222,0,9,1,2,2,121.96,1,0.81895662192837
CAR001075,0,9,1,2,2,154.03,1,0.81895662192837
CAR001339,0,9,1,2,2,110.97,0,0.81895662192837
CAR002636,0,9,1,2,2,148.35,1,0.81895662192837
CAR002382,0,9,1,2,2,156.48,1,0.81895662192837
CAR001182,0,9,1,2,2,139.56,1,0.81895662192837
CAR001920,0,9,1,2,2,159.41,1,0.81895662192837
CAR002620,0,9,1,2,2,125.74,1,0.81895662192837
CAR001257,0,9,1,2,2,143.48,1,0.81895662192837
CAR001603,0,9,1,2,2,141.62,1,0.81895662192837
CAR002014,0,9,1,2,2,136.82,1,0.81895662192837
CAR002277,0,9,1,2,2,153.91,1,0.81895662192837
CAR000513,0,9,1,2,2,146.97,1,0.81895662192837
CAR000169,0,9,1,2,2,153.23,1,0.81895662192837
CAR001607,0,9,1,2,2,152.85,1,0.81895662192837
CAR002576,0,9,1,2,2,157.46,1,0.81895662192837
CAR000664,0,9,1,2,2,154.44,1,0.81895662192837
CAR002316,0,9,1,2,2,150.21,1,0.81895662192837
CAR001902,0,9,1,2,2,108.12,0,0.81895662192837
CAR000096,0,9,1,2,2,159.28,1,0.81895662192837
CAR002553,0,9,1,2,2,156.45,1,0.81895662192837
CAR002193,0,9,1,2,2,122.88,1,0.81895662192837
CAR001176,0,9,1,2,2,141.79,1,0.81895662192837
CAR000872,0,9,1,2,2,134.31,1,0.81895662192837
CAR002035,0,9,1,2,2,133.13,1,0.81895662192837
CAR001860,0,9,1,2,2,162.17,1,0.81895662192837
CAR001058,0,9,1,2,2,139.04000000000002,1,0.81895662192837
CAR002141,0,9,1,2,2,132.45,1,0.81895662192837
CAR001144,0,9,1,2,2,135.5,1,0.81895662192837
CAR000062,0,9,1,2,2,132.58,1,0.81895662192837
CAR000797,0,9,1,2,2,119.79,0,0.81895662192837
CAR000071,0,9,1,2,2,168.93,1,0.81895662192837
CAR001179,0,9,1,2,2,157.25,1,0.81895662192837
CAR002447,0,9,1,2,2,134.89,1,0.81895662192837
CAR000023,1,11,0,0,0,152.24,1,0.8179888152649025
CAR003351,1,11,0,0,0,139.96,1,0.8179888152649025
CAR000923,1,11,0,0,0,155.74,1,0.8179888152649025
CAR004255,1,11,0,0,0,136.61,1,0.8179888152649025
CAR000532,1,11,0,0,0,140.77,1,0.8179888152649025
CAR004869,1,11,0,0,0,115.25,0,0.8179888152649025
CAR003029,1,11,0,0,0,161.07,1,0.8179888152649025
CAR001180,1,11,0,0,0,139.1,1,0.8179888152649025
CAR003570,1,11,0,0,0,158.9,1,0.8179888152649025
CAR004956,1,11,0,0,0,142.43,1,0.8179888152649025
CAR000721,1,11,0,0,0,151.88,1,0.8179888152649025
CAR004016,1,11,0,0,0,145.07999999999998,1,0.8179888152649025
CAR001853,1,11,0,0,0,183.92000000000002,1,0.8179888152649025
CAR000461,1,11,0,0,0,120.95,1,0.8179888152649025
CAR004143,1,11,0,0,0,144.41,1,0.8179888152649025
CAR003086,1,11,0,0,0,144.22,1,0.8179888152649025
CAR001663,1,11,0,0,0,158.28,1,0.8179888152649025
CAR003039,1,11,2,0,2,142.75,1,0.8159556953224099
CAR000399,1,11,2,0,2,120.53999999999999,1,0.8159556953224099
CAR003057,1,11,2,0,2,146.51000000000002,1,0.8159556953224099
CAR002066,1,11,2,0,2,163.82999999999998,1,0.8159556953224099
CAR004903,1,11,2,0,2,132.98,1,0.8159556953224099
CAR004157,1,11,2,0,2,139.66,1,0.8159556953224099
CAR003266,1,11,2,0,2,151.33,1,0.8159556953224099
CAR004173,1,11,2,0,2,167.28,1,0.8159556953224099
CAR003252,1,11,2,0,2,142.12,1,0.8159556953224099
CAR001786,1,11,2,0,2,102.25999999999999,0,0.8159556953224099
CAR002624,1,11,2,0,2,153.22,1,0.8159556953224099
CAR002237,1,11,2,0,2,169.26,1,0.8159556953224099
CAR000151,1,11,2,0,2,141.95,1,0.8159556953224099
CAR000689,1,11,2,0,2,176.15,1,0.8159556953224099
CAR001756,1,11,2,0,2,146.29,1,0.8159556953224099
CAR003596,1,11,0,3,0,156.02,1,0.8143661497309661
CAR000416,1,11,0,3,0,143.22,1,0.8143661497309661
CAR003264,1,11,0,3,0,151.76,1,0.8143661497309661
CAR004431,1,11,0,3,0,137.31,1,0.8143661497309661
CAR001874,1,11,0,3,0,147.56,1,0.8143661497309661
CAR003359,1,11,0,3,0,138.71,1,0.8143661497309661
CAR003724,1,11,0,3,0,171.68,1,0.8143661497309661
CAR001819,1,11,0,3,0,111.81,0,0.8143661497309661
CAR004609,1,11,0,3,0,157.26,1,0.8143661497309661
CAR002682,1,11,0,3,0,145.29,1,0.8143661497309661
CAR003000,1,11,0,3,0,151.73,1,0.8143661497309661
CAR003767,1,11,0,3,0,150.78,1,0.8143661497309661
CAR001986,1,11,0,3,0,162.78,1,0.8143661497309661
CAR001534,1,11,0,3,0,162.31,1,0.8143661497309661
CAR000264,1,11,0,3,0,148.42000000000002,1,0.8143661497309661
CAR002622,0,9,1,2,0,176.87,1,0.8099198636703815
CAR004075,0,9,1,2,0,105.81,0,0.8099198636703815
CAR002894,0,9,1,2,0,152.38,1,0.8099198636703815
CAR000133,0,9,1,2,0,107.19,0,0.8099198636703815
CAR002469,0,9,1,2,0,141.91,1,0.8099198636703815
CAR001814,0,9,1,2,0,159.17999999999998,1,0.8099198636703815
CAR003497,0,9,1,2,0,156.83,1,0.8099198636703815
CAR002089,0,9,1,2,0,158.75,1,0.8099198636703815
CAR003256,0,9,1,2,0,151.87,1,0.8099198636703815
CAR002659,0,9,1,2,0,150.23,1,0.8099198636703815
CAR000711,0,9,1,2,0,110.48,0,0.8099198636703815
CAR001596,0,9,1,2,0,144.59,1,0.8099198636703815
CAR004483,0,9,1,2,0,153.03,1,0.8099198636703815
CAR001550,0,9,1,2,0,129.57,1,0.8099198636703815
CAR001785,0,9,1,2,0,140.33,1,0.8099198636703815
CAR002274,0,9,1,2,0,145.0,1,0.8099198636703815
CAR004304,0,9,1,2,0,165.57999999999998,1,0.8099198636703815
CAR002911,0,9,1,2,0,145.8,1,0.8099198636703815
CAR002608,0,9,1,2,0,136.46,1,0.8099198636703815
CAR003197,0,9,1,2,0,145.99,1,0.8099198636703815
CAR003193,0,9,1,2,0,124.39,1,0.8099198636703815
CAR003627,0,9,1,2,0,153.57999999999998,1,0.8099198636703815
CAR002296,0,9,1,2,0,138.54,1,0.8099198636703815
CAR004741,0,9,1,2,0,158.09,1,0.8099198636703815
CAR001401,0,9,1,2,0,155.8,1,0.8099198636703815
CAR002869,0,9,1,2,0,135.45,1,0.8099198636703815
CAR004935,0,9,1,2,0,130.4,1,0.8099198636703815
CAR003267,0,9,1,2,0,143.65,1,0.8099198636703815
CAR004440,0,9,1,2,0,136.59,1,0.8099198636703815
CAR003847,0,9,1,2,0,123.66,1,0.8099198636703815
CAR003358,0,9,1,2,0,168.8,1,0.8099198636703815
CAR000018,0,9,1,2,0,156.67,1,0.8099198636703815
CAR004131,0,9,1,2,0,137.77,1,0.8099198636703815
CAR000034,0,9,1,2,0,134.3,1,0.8099198636703815
CAR002790,0,9,1,2,0,151.13,1,0.8099198636703815
CAR003859,0,9,1,2,0,133.17000000000002,1,0.8099198636703815
CAR002151,0,9,1,2,0,118.1,0,0.8099198636703815
CAR001165,0,9,1,2,0,144.24,1,0.8099198636703815
CAR001529,0,9,1,2,0,124.80000000000001,1,0.8099198636703815
CAR001870,0,9,1,2,0,160.43,1,0.8099198636703815
CAR000825,0,9,1,2,0,127.7,1,0.8099198636703815
CAR004095,0,9,1,2,0,131.23,1,0.8099198636703815
CAR002706,0,9,1,2,0,119.4,0,0.8099198636703815
CAR003306,0,9,1,2,0,150.15,1,0.8099198636703815
CAR002704,0,9,1,2,0,149.92000000000002,1,0.8099198636703815
CAR002191,0,9,1,2,0,142.95,1,0.8099198636703815
CAR004948,0,9,1,2,0,155.16,1,0.8099198636703815
CAR003893,0,9,1,2,0,146.18,1,0.8099198636703815
CAR000931,0,9,1,2,0,140.28,1,0.8099198636703815
CAR002091,0,9,1,2,0,131.44,1,0.8099198636703815
CAR003275,0,9,1,2,0,154.45000000000002,1,0.8099198636703815
CAR002568,0,9,1,2,0,147.84,1,0.8099198636703815
CAR001206,0,9,1,2,0,163.9,1,0.8099198636703815
CAR004520,0,9,1,2,0,130.07,1,0.8099198636703815
CAR004054,0,9,1,2,0,157.93,1,0.8099198636703815
CAR004767,0,9,1,2,0,151.14,1,0.8099198636703815
CAR004558,0,9,1,2,0,111.88,0,0.8099198636703815
CAR003078,0,9,1,2,0,133.39,1,0.8099198636703815
CAR001393,0,9,1,2,0,127.53,1,0.8099198636703815
CAR000474,0,9,1,2,0,129.34,1,0.8099198636703815
CAR003949,0,9,1,2,0,142.43,1,0.8099198636703815
CAR003683,0,9,1,2,0,143.44,1,0.8099198636703815
CAR004661,0,9,1,2,0,156.35,1,0.8099198636703815
CAR004005,0,9,1,2,0,150.25,1,0.8099198636703815
CAR000956,0,9,1,2,0,147.63,1,0.8099198636703815
CAR000322,0,9,1,2,0,164.54,1,0.8099198636703815
CAR000424,0,9,1,2,0,172.3,1,0.8099198636703815
CAR002051,0,9,1,2,0,143.77,1,0.8099198636703815
CAR001334,0,9,1,2,0,161.41,1,0.8099198636703815
CAR001924,0,9,1,2,0,120.17999999999999,1,0.8099198636703815
CAR004757,0,9,1,2,0,152.16,1,0.8099198636703815
CAR000415,0,9,1,2,0,150.85999999999999,1,0.8099198636703815
CAR000408,0,9,1,2,0,170.43,1,0.8099198636703815
CAR003445,0,9,1,2,0,170.89000000000001,1,0.8099198636703815
CAR002423,0,9,1,2,0,147.93,1,0.8099198636703815
CAR003033,0,9,1,2,0,137.06,1,0.8099198636703815
CAR003735,0,9,1,2,0,162.87,1,0.8099198636703815
CAR002496,0,9,1,2,0,121.07000000000001,1,0.8099198636703815
CAR001660,0,9,1,2,0,150.57,1,0.8099198636703815
CAR001065,0,9,1,2,0,142.34,1,0.8099198636703815
CAR003019,0,9,1,2,0,162.95999999999998,1,0.8099198636703815
CAR003725,0,9,1,2,0,150.89000000000001,1,0.8099198636703815
CAR000227,0,9,1,2,0,132.02,1,0.8099198636703815
CAR001110,0,9,1,2,0,134.24,1,0.8099198636703815
CAR004830,0,9,1,2,0,170.37,1,0.8099198636703815
CAR003641,0,9,1,2,0,147.44,1,0.8099198636703815
CAR003649,0,9,1,2,0,156.93,1,0.8099198636703815
CAR004035,0,9,1,2,0,122.76,1,0.8099198636703815
CAR003650,0,9,1,2,0,144.05,1,0.8099198636703815
CAR002370,0,9,1,2,0,128.37,1,0.8099198636703815
CAR002358,0,9,1,2,0,132.69,1,0.8099198636703815
CAR003114,0,9,1,2,0,170.21,1,0.8099198636703815
CAR004605,0,9,1,2,0,139.99,1,0.8099198636703815
CAR004835,0,9,1,2,0,146.32,1,0.8099198636703815
CAR003475,0,9,1,2,0,157.36,1,0.8099198636703815
CAR004178,0,9,1,2,0,136.09,1,0.8099198636703815
CAR002364,0,9,1,2,0,98.58,0,0.8099198636703815
CAR003667,0,9,1,2,0,141.86,1,0.8099198636703815
CAR003097,0,9,1,2,0,129.10999999999999,1,0.8099198636703815
CAR000975,0,9,1,2,0,166.29,1,0.8099198636703815
CAR003534,0,9,1,2,0,180.43,1,0.8099198636703815
CAR003634,0,9,1,2,0,146.17000000000002,1,0.8099198636703815
CAR000553,0,9,1,2,0,136.07,1,0.8099198636703815
CAR001412,1,11,3,0,2,149.25,1,0.8093521269398901
CAR002332,1,11,3,0,2,144.9,1,0.8093521269398901
CAR001752,1,11,3,0,2,168.68,1,0.8093521269398901
CAR001209,1,11,3,0,2,170.14,1,0.8093521269398901
CAR004247,1,11,3,0,2,111.95,0,0.8093521269398901
CAR004495,1,11,3,0,2,141.25,1,0.8093521269398901
CAR003130,1,11,3,0,2,137.39,1,0.8093521269398901
CAR001020,1,11,3,0,2,128.51,1,0.8093521269398901
CAR003315,1,11,3,0,2,125.82,1,0.8093521269398901
CAR004317,1,11,3,0,2,129.76,1,0.8093521269398901
CAR000104,1,11,3,0,2,128.16,1,0.8093521269398901
CAR002657,1,11,3,0,2,153.15,1,0.8093521269398901
CAR001617,1,11,3,0,2,155.54999999999998,1,0.8093521269398901
CAR001438,1,11,3,0,2,138.01999999999998,1,0.8093521269398901
CAR001070,0,9,3,2,1,132.53,1,0.807429183640267
CAR001898,0,9,3,2,1,139.47,1,0.807429183640267
CAR001064,0,9,3,2,1,173.79000000000002,1,0.807429183640267
CAR003313,0,9,3,2,1,112.21,0,0.807429183640267
CAR001883,0,9,3,2,1,129.66,1,0.807429183640267
CAR001671,0,9,3,2,1,168.48000000000002,1,0.807429183640267
CAR003843,0,9,3,2,1,146.39,1,0.807429183640267
CAR003863,0,9,3,2,1,152.29,1,0.807429183640267
CAR003880,0,9,3,2,1,166.87,1,0.807429183640267
CAR001532,0,9,3,2,1,138.1,1,0.807429183640267
CAR001576,0,9,3,2,1,158.94,1,0.807429183640267
CAR003921,0,9,3,2,1,125.81,1,0.807429183640267
CAR001417,0,9,3,2,1,158.36,1,0.807429183640267
CAR001409,0,9,3,2,1,147.18,1,0.807429183640267
CAR003766,0,9,3,2,1,129.56,1,0.807429183640267
CAR003764,0,9,3,2,1,164.16,1,0.807429183640267
CAR001370,0,9,3,2,1,151.60999999999999,1,0.807429183640267
CAR003978,0,9,3,2,1,134.82,1,0.807429183640267
CAR001669,0,9,3,2,1,149.41,1,0.807429183640267
CAR001319,0,9,3,2,1,129.37,1,0.807429183640267
CAR001316,0,9,3,2,1,138.4,1,0.807429183640267
CAR003555,0,9,3,2,1,135.04,1,0.807429183640267
CAR003693,0,9,3,2,1,133.31,1,0.807429183640267
CAR003688,0,9,3,2,1,119.04,0,0.807429183640267
CAR001692,0,9,3,2,1,152.66,1,0.807429183640267
CAR001711,0,9,3,2,1,138.0,1,0.807429183640267
CAR001226,0,9,3,2,1,145.94,1,0.807429183640267
CAR003657,0,9,3,2,1,164.26999999999998,1,0.807429183640267
CAR004033,0,9,3,2,1,148.25,1,0.807429183640267
CAR001222,0,9,3,2,1,132.81,1,0.807429183640267
CAR001723,0,9,3,2,1,163.07,1,0.807429183640267
CAR001777,0,9,3,2,1,143.35,1,0.807429183640267
CAR001815,0,9,3,2,1,124.63,1,0.807429183640267
CAR001840,0,9,3,2,1,144.41,1,0.807429183640267
CAR004081,0,9,3,2,1,131.97,1,0.807429183640267
CAR001178,0,9,3,2,1,115.89,0,0.807429183640267
CAR001048,0,9,3,2,1,126.45,1,0.807429183640267
CAR001517,0,9,3,2,1,113.17999999999999,0,0.807429183640267
CAR001044,0,9,3,2,1,145.8,1,0.807429183640267
CAR002531,0,9,3,2,1,171.82,1,0.807429183640267
CAR003283,0,9,3,2,1,126.57,1,0.807429183640267
CAR003279,0,9,3,2,1,137.72,1,0.807429183640267
CAR004443,0,9,3,2,1,116.63,0,0.807429183640267
CAR000387,0,9,3,2,1,131.49,1,0.807429183640267
CAR003244,0,9,3,2,1,138.68,1,0.807429183640267
CAR003239,0,9,3,2,1,128.84,1,0.807429183640267
CAR000749,0,9,3,2,1,164.99,1,0.807429183640267
CAR002249,0,9,3,2,1,133.69,1,0.807429183640267
CAR000197,0,9,3,2,1,172.87,1,0.807429183640267
CAR003202,0,9,3,2,1,135.28,1,0.807429183640267
CAR002580,0,9,3,2,1,132.42000000000002,1,0.807429183640267
CAR002303,0,9,3,2,1,161.22,1,0.807429183640267
CAR002538,0,9,3,2,1,170.62,1,0.807429183640267
CAR000270,0,9,3,2,1,172.85999999999999,1,0.807429183640267
CAR002331,0,9,3,2,1,163.48,1,0.807429183640267
CAR002212,0,9,3,2,1,133.24,1,0.807429183640267
CAR000605,0,9,3,2,1,151.94,1,0.807429183640267
CAR004577,0,9,3,2,1,147.79999999999998,1,0.807429183640267
CAR004596,0,9,3,2,1,121.53999999999999,1,0.807429183640267
CAR000332,0,9,3,2,1,146.55,1,0.807429183640267
CAR000537,0,9,3,2,1,160.34,1,0.807429183640267
CAR002527,0,9,3,2,1,141.66,1,0.807429183640267
CAR003108,0,9,3,2,1,155.97,1,0.807429183640267
CAR004626,0,9,3,2,1,151.79,1,0.807429183640267
CAR002365,0,9,3,2,1,140.85,1,0.807429183640267
CAR002366,0,9,3,2,1,133.27,1,0.807429183640267
CAR002492,0,9,3,2,1,144.95000000000002,1,0.807429183640267
CAR000457,0,9,3,2,1,148.98,1,0.807429183640267
CAR000455,0,9,3,2,1,134.71,1,0.807429183640267
CAR002453,0,9,3,2,1,125.92,1,0.807429183640267
CAR002216,0,9,3,2,1,154.54,1,0.807429183640267
CAR002223,0,9,3,2,1,135.68,1,0.807429183640267
CAR002181,0,9,3,2,1,105.08999999999999,0,0.807429183640267
CAR004325,0,9,3,2,1,140.56,1,0.807429183640267
CAR002712,0,9,3,2,1,170.60000000000002,1,0.807429183640267
CAR003412,0,9,3,2,1,144.94,1,0.807429183640267
CAR002807,0,9,3,2,1,142.14000000000001,1,0.807429183640267
CAR004939,0,9,3,2,1,135.93,1,0.807429183640267
CAR003371,0,9,3,2,1,176.01,1,0.807429183640267
CAR000883,0,9,3,2,1,157.39000000000001,1,0.807429183640267
CAR002032,0,9,3,2,1,149.84,1,0.807429183640267
CAR002030,0,9,3,2,1,122.85,1,0.807429183640267
CAR000958,0,9,3,2,1,158.13,1,0.807429183640267
CAR000049,0,9,3,2,1,169.4,1,0.807429183640267
CAR002067,0,9,3,2,1,153.48,1,0.807429183640267
CAR002150,0,9,3,2,1,161.88,1,0.807429183640267
CAR002778,0,9,3,2,1,139.26,1,0.807429183640267
CAR000870,0,9,3,2,1,121.8,1,0.807429183640267
CAR000864,0,9,3,2,1,156.47,1,0.807429183640267
CAR000977,0,9,3,2,1,143.62,1,0.807429183640267
CAR003325,0,9,3,2,1,143.64000000000001,1,0.807429183640267
CAR000819,0,9,3,2,1,163.72,1,0.807429183640267
CAR000990,0,9,3,2,1,132.85999999999999,1,0.807429183640267
CAR000087,0,9,3,2,1,162.63000000000002,1,0.807429183640267
CAR000558,1,11,2,3,0,144.66,1,0.8030707654319363
CAR000346,1,11,2,3,0,135.93,1,0.8030707654319363
CAR004734,1,11,2,3,0,103.78,0,0.8030707654319363
CAR003398,1,11,2,3,0,169.43,1,0.8030707654319363
CAR002134,1,11,2,3,0,144.61,1,0.8030707654319363
CAR002958,1,11,2,3,0,145.33,1,0.8030707654319363
CAR002910,1,11,2,3,0,145.48,1,0.8030707654319363
CAR004458,1,11,2,3,0,145.27,1,0.8030707654319363
CAR001608,1,11,2,3,0,142.35,1,0.8030707654319363
CAR004041,1,11,2,3,0,154.11,1,0.8030707654319363
CAR004698,1,11,2,3,0,147.27,1,0.8030707654319363
CAR004797,1,11,2,3,0,139.5,1,0.8030707654319363
CAR002070,1,11,2,3,0,123.93,1,0.8030707654319363
CAR003774,1,11,0,3,1,153.94,1,0.795403769242553
CAR001502,1,11,0,3,1,135.94,1,0.795403769242553
CAR002484,1,11,0,3,1,153.66,1,0.795403769242553
CAR004930,1,11,0,3,1,160.70000000000002,1,0.795403769242553
CAR002818,1,11,0,3,1,155.41,1,0.795403769242553
CAR000144,1,11,0,3,1,159.16,1,0.795403769242553
CAR003919,1,11,0,3,1,159.69,1,0.795403769242553
CAR003986,1,11,0,3,1,154.96,1,0.795403769242553
CAR003836,1,11,0,3,1,161.04999999999998,1,0.795403769242553
CAR002773,1,11,0,3,1,165.92000000000002,1,0.795403769242553
CAR000702,1,11,0,3,1,152.27,1,0.795403769242553
CAR000682,1,11,0,3,1,119.22,0,0.795403769242553
CAR003429,1,11,0,3,1,146.63,1,0.795403769242553
CAR000480,1,11,0,3,1,122.78,1,0.795403769242553
CAR004145,1,11,0,3,1,132.26,1,0.795403769242553
CAR004079,1,11,0,3,1,152.74,1,0.795403769242553
CAR000650,1,11,0,3,1,131.4,1,0.795403769242553
CAR000160,0,9,1,2,1,135.42000000000002,1,0.7953496703456888
CAR001516,0,9,1,2,1,163.34,1,0.7953496703456888
CAR004892,0,9,1,2,1,130.66,1,0.7953496703456888
CAR000798,0,9,1,2,1,124.86999999999999,1,0.7953496703456888
CAR004368,0,9,1,2,1,133.62,1,0.7953496703456888
CAR000073,0,9,1,2,1,147.87,1,0.7953496703456888
CAR000876,0,9,1,2,1,142.65,1,0.7953496703456888
CAR000900,0,9,1,2,1,143.46,1,0.7953496703456888
CAR003999,0,9,1,2,1,151.96,1,0.7953496703456888
CAR000060,0,9,1,2,1,110.71000000000001,0,0.7953496703456888
CAR001446,0,9,1,2,1,156.78,1,0.7953496703456888
CAR004975,0,9,1,2,1,138.59,1,0.7953496703456888
CAR001487,0,9,1,2,1,149.81,1,0.7953496703456888
CAR000937,0,9,1,2,1,149.82000000000002,1,0.7953496703456888
CAR004174,0,9,1,2,1,155.41,1,0.7953496703456888
CAR004284,0,9,1,2,1,152.71,1,0.7953496703456888
CAR001060,0,9,1,2,1,150.43,1,0.7953496703456888
CAR004267,0,9,1,2,1,113.44,0,0.7953496703456888
CAR000061,0,9,1,2,1,143.87,1,0.7953496703456888
CAR000690,0,9,1,2,1,130.76,1,0.7953496703456888
CAR000189,0,9,1,2,1,164.33,1,0.7953496703456888
CAR000361,0,9,1,2,1,148.11,1,0.7953496703456888
CAR004000,0,9,1,2,1,141.16,1,0.7953496703456888
CAR000437,0,9,1,2,1,146.35,1,0.7953496703456888
CAR000471,0,9,1,2,1,154.34,1,0.7953496703456888
CAR000342,0,9,1,2,1,146.23,1,0.7953496703456888
CAR000510,0,9,1,2,1,148.69,1,0.7953496703456888
CAR001228,0,9,1,2,1,126.77000000000001,1,0.7953496703456888
CAR004244,0,9,1,2,1,175.09,1,0.7953496703456888
CAR000548,0,9,1,2,1,151.2,1,0.7953496703456888
CAR000622,0,9,1,2,1,130.17,1,0.7953496703456888
CAR004561,0,9,1,2,1,137.54,1,0.7953496703456888
CAR001367,0,9,1,2,1,147.31,1,0.7953496703456888
CAR000253,0,9,1,2,1,147.18,1,0.7953496703456888
CAR000241,0,9,1,2,1,142.39,1,0.7953496703456888
CAR004506,0,9,1,2,1,129.58,1,0.7953496703456888
CAR004833,0,9,1,2,1,164.39,1,0.7953496703456888
CAR004836,0,9,1,2,1,141.79,1,0.7953496703456888
CAR004848,0,9,1,2,1,182.93,1,0.7953496703456888
CAR000688,0,9,1,2,1,105.75,0,0.7953496703456888
CAR004066,0,9,1,2,1,180.09,1,0.7953496703456888
CAR004031,0,9,1,2,1,142.64,1,0.7953496703456888
CAR004995,0,9,1,2,1,148.98,1,0.7953496703456888
CAR001519,0,9,1,2,1,168.95000000000002,1,0.7953496703456888
CAR002169,0,9,1,2,1,141.33,1,0.7953496703456888
CAR003055,0,9,1,2,1,161.24,1,0.7953496703456888
CAR002226,0,9,1,2,1,124.17999999999999,1,0.7953496703456888
CAR002401,0,9,1,2,1,125.02,1,0.7953496703456888
CAR003745,0,9,1,2,1,135.46,1,0.7953496703456888
CAR002663,0,9,1,2,1,156.08,1,0.7953496703456888
CAR003194,0,9,1,2,1,170.15,1,0.7953496703456888
CAR001843,0,9,1,2,1,152.25,1,0.7953496703456888
CAR002654,0,9,1,2,1,148.18,1,0.7953496703456888
CAR003710,0,9,1,2,1,138.99,1,0.7953496703456888
CAR003511,0,9,1,2,1,130.81,1,0.7953496703456888
CAR002467,0,9,1,2,1,151.73,1,0.7953496703456888
CAR002480,0,9,1,2,1,126.56,1,0.7953496703456888
CAR002289,0,9,1,2,1,166.6,1,0.7953496703456888
CAR003286,0,9,1,2,1,112.02,0,0.7953496703456888
CAR002977,0,9,1,2,1,133.45,1,0.7953496703456888
CAR003542,0,9,1,2,1,135.82,1,0.7953496703456888
CAR001702,0,9,1,2,1,113.42,0,0.7953496703456888
CAR001709,0,9,1,2,1,155.75,1,0.7953496703456888
CAR002971,0,9,1,2,1,158.32999999999998,1,0.7953496703456888
CAR002581,0,9,1,2,1,163.15,1,0.7953496703456888
CAR003644,0,9,1,2,1,140.52,1,0.7953496703456888
CAR002949,0,9,1,2,1,172.01,1,0.7953496703456888
CAR001738,0,9,1,2,1,165.9,1,0.7953496703456888
CAR002545,0,9,1,2,1,140.42000000000002,1,0.7953496703456888
CAR002956,0,9,1,2,1,136.77,1,0.7953496703456888
CAR001854,0,9,1,2,1,158.25,1,0.7953496703456888
CAR003619,0,9,1,2,1,170.01,1,0.7953496703456888
CAR002220,0,9,1,2,1,163.32,1,0.7953496703456888
CAR003603,0,9,1,2,1,151.49,1,0.7953496703456888
CAR001626,0,9,1,2,1,151.99,1,0.7953496703456888
CAR002319,0,9,1,2,1,86.36,0,0.7953496703456888
CAR003424,0,9,1,2,1,147.03,1,0.7953496703456888
CAR002281,0,9,1,2,1,116.92999999999999,0,0.7953496703456888
CAR002158,0,9,1,2,1,148.3,1,0.7953496703456888
CAR002152,0,9,1,2,1,154.08,1,0.7953496703456888
CAR003121,0,9,1,2,1,138.25,1,0.7953496703456888
CAR002343,0,9,1,2,1,167.79,1,0.7953496703456888
CAR003139,0,9,1,2,1,175.64,1,0.7953496703456888
CAR003085,0,9,1,2,1,156.31,1,0.7953496703456888
CAR001575,0,9,1,2,1,133.28,1,0.7953496703456888
CAR001524,0,9,1,2,1,150.73,1,0.7953496703456888
CAR003356,0,9,1,2,1,131.24,1,0.7953496703456888
CAR003452,0,9,1,2,1,133.96,1,0.7953496703456888
CAR002022,0,9,1,2,1,149.62,1,0.7953496703456888
CAR003340,0,9,0,2,2,161.09,1,0.7931053444516363
CAR004785,0,9,0,2,2,134.69,1,0.7931053444516363
CAR001882,0,9,0,2,2,173.82999999999998,1,0.7931053444516363
CAR000714,0,9,0,2,2,171.05,1,0.7931053444516363
CAR004426,0,9,0,2,2,173.81,1,0.7931053444516363
CAR001975,0,9,0,2,2,152.04,1,0.7931053444516363
CAR004340,0,9,0,2,2,162.04,1,0.7931053444516363
CAR001497,0,9,0,2,2,113.77,0,0.7931053444516363
CAR004528,0,9,0,2,2,141.12,1,0.7931053444516363
CAR003376,0,9,0,2,2,154.5,1,0.7931053444516363
CAR003123,0,9,0,2,2,151.78,1,0.7931053444516363
CAR003569,0,9,0,2,2,134.69,1,0.7931053444516363
CAR004365,0,9,0,2,2,179.73,1,0.7931053444516363
CAR000246,0,9,0,2,2,156.19,1,0.7931053444516363
CAR004084,0,9,0,2,2,157.18,1,0.7931053444516363
CAR000610,0,9,0,2,2,135.88,1,0.7931053444516363
CAR003372,0,9,0,2,2,183.74,1,0.7931053444516363
CAR003536,0,9,0,2,2,137.71,1,0.7931053444516363
CAR000309,0,9,0,2,2,167.16,1,0.7931053444516363
CAR000808,0,9,0,2,2,129.78,1,0.7931053444516363
CAR002389,0,9,0,2,2,140.77,1,0.7931053444516363
CAR002374,0,9,0,2,2,150.66,1,0.7931053444516363
CAR004237,0,9,0,2,2,130.29,1,0.7931053444516363
CAR000516,0,9,0,2,2,140.07000000000002,1,0.7931053444516363
CAR000521,0,9,0,2,2,163.06,1,0.7931053444516363
CAR002403,0,9,0,2,2,184.71,1,0.7931053444516363
CAR003046,0,9,0,2,2,148.91,1,0.7931053444516363
CAR002052,0,9,0,2,2,149.92,1,0.7931053444516363
CAR000420,0,9,0,2,2,153.34,1,0.7931053444516363
CAR003104,0,9,0,2,2,146.49,1,0.7931053444516363
CAR003112,0,9,0,2,2,145.21,1,0.7931053444516363
CAR004298,0,9,0,2,2,134.33,1,0.7931053444516363
CAR001082,0,9,0,2,2,153.55,1,0.7931053444516363
CAR002170,0,9,0,2,2,106.87,0,0.7931053444516363
CAR004621,0,9,0,2,2,130.38,1,0.7931053444516363
CAR002994,0,9,0,2,2,145.97,1,0.7931053444516363
CAR004755,0,9,0,2,2,142.94,1,0.7931053444516363
CAR002989,0,9,0,2,2,121.23,1,0.7931053444516363
CAR000932,0,9,0,2,2,143.46,1,0.7931053444516363
CAR004309,0,9,0,2,2,184.76,1,0.7931053444516363
CAR000438,0,9,0,2,2,148.26999999999998,1,0.7931053444516363
CAR002552,0,9,0,2,2,142.85,1,0.7931053444516363
CAR001827,0,9,0,2,2,144.10999999999999,1,0.7931053444516363
CAR001679,0,9,0,2,2,187.99,1,0.7931053444516363
CAR004894,0,9,0,2,2,150.9,1,0.7931053444516363
CAR000119,0,9,0,2,2,140.7,1,0.7931053444516363
CAR004507,0,9,0,2,2,151.22,1,0.7931053444516363
CAR004821,0,9,0,2,2,138.02,1,0.7931053444516363
CAR001644,0,9,0,2,2,126.42999999999999,1,0.7931053444516363
CAR000086,0,9,0,2,2,154.65,1,0.7931053444516363
CAR001378,0,9,0,2,2,121.52,1,0.7931053444516363
CAR004928,0,9,0,2,2,154.98,1,0.7931053444516363
CAR001618,0,9,0,2,2,155.29000000000002,1,0.7931053444516363
CAR003769,0,9,0,2,2,115.46000000000001,0,0.7931053444516363
CAR004933,0,9,0,2,2,142.14,1,0.7931053444516363
CAR002671,0,9,0,2,2,153.94,1,0.7931053444516363
CAR002825,0,9,0,2,2,155.23,1,0.7931053444516363
CAR001414,0,9,0,2,2,163.7,1,0.7931053444516363
CAR002815,0,9,0,2,2,158.59,1,0.7931053444516363
CAR002814,0,9,0,2,2,127.94,1,0.7931053444516363
CAR001539,0,9,0,2,2,164.59,1,0.7931053444516363
CAR001441,0,9,0,2,2,100.58,0,0.7931053444516363
CAR001445,0,9,0,2,2,121.89,1,0.7931053444516363
CAR003895,0,9,0,2,2,147.48,1,0.7931053444516363
CAR004982,0,9,0,2,2,120.93,1,0.7931053444516363
CAR000026,0,9,0,2,2,165.43,1,0.7931053444516363
CAR004461,0,9,0,2,2,138.68,1,0.7931053444516363
CAR002769,0,9,0,2,2,128.21,1,0.7931053444516363
CAR001470,0,9,0,2,2,148.34,1,0.7931053444516363
CAR002269,0,9,0,2,2,150.79,1,0.7931053444516363
CAR003867,0,9,0,2,2,121.48,1,0.7931053444516363
CAR003838,0,9,0,2,2,157.59,1,0.7931053444516363
CAR003858,0,9,0,2,2,119.58,0,0.7931053444516363
CAR002893,0,9,0,2,2,96.75,0,0.7931053444516363
CAR003198,0,9,0,2,2,138.82,1,0.7931053444516363
CAR001219,0,9,0,2,2,130.8,1,0.7931053444516363
CAR001207,0,9,0,2,2,133.96,1,0.7931053444516363
CAR004022,0,9,0,2,2,139.14000000000001,1,0.7931053444516363
CAR004020,0,9,0,2,2,157.73,1,0.7931053444516363
CAR000751,0,9,0,2,2,152.01999999999998,1,0.7931053444516363
CAR000153,0,9,0,2,2,132.4,1,0.7931053444516363
CAR001712,0,9,0,2,2,144.49,1,0.7931053444516363
CAR003178,0,9,0,2,2,156.92,1,0.7931053444516363
CAR002939,0,9,0,2,2,163.85999999999999,1,0.7931053444516363
CAR002573,0,9,0,2,2,129.06,1,0.7931053444516363
CAR004004,0,9,0,2,2,142.62,1,0.7931053444516363
CAR002902,0,9,0,2,2,147.23,1,0.7931053444516363
CAR001299,0,9,0,2,2,161.87,1,0.7931053444516363
CAR002899,0,9,0,2,2,176.9,1,0.7931053444516363
CAR001189,0,9,0,2,2,142.10999999999999,1,0.7931053444516363
CAR003689,0,9,0,2,2,129.87,1,0.7931053444516363
CAR001805,0,9,0,2,2,125.56,1,0.7931053444516363
CAR004825,0,9,0,2,2,157.9,1,0.7931053444516363
CAR001701,1,11,0,1,1,123.7,1,0.7800292493414305
CAR004398,1,11,0,1,1,146.3,1,0.7800292493414305
CAR004773,1,11,0,1,1,149.44,1,0.7800292493414305
CAR003450,1,11,0,1,1,137.85999999999999,1,0.7800292493414305
CAR000174,1,11,0,1,1,164.09,1,0.7800292493414305
CAR003994,1,11,0,1,1,161.19,1,0.7800292493414305
CAR001365,1,11,0,1,1,119.68,0,0.7800292493414305
CAR000500,1,11,0,1,1,164.03,1,0.7800292493414305
CAR002817,1,11,0,1,1,130.36,1,0.7800292493414305
CAR002077,1,11,0,1,1,137.94,1,0.7800292493414305
CAR002412,1,11,0,1,1,152.6,1,0.7800292493414305
CAR000194,1,11,0,1,1,186.57,1,0.7800292493414305
CAR002123,1,11,0,1,1,149.29,1,0.7800292493414305
CAR004032,1,11,2,3,2,136.68,1,0.7789749643689692
CAR000354,1,11,2,3,2,153.03,1,0.7789749643689692
CAR004127,1,11,2,3,2,132.51000000000002,1,0.7789749643689692
CAR001453,1,11,2,3,2,131.22,1,0.7789749643689692
CAR001162,1,11,2,3,2,127.67,1,0.7789749643689692
CAR003831,1,11,2,3,2,171.93,1,0.7789749643689692
CAR004545,1,11,2,3,2,114.34,0,0.7789749643689692
CAR003105,1,11,2,3,2,179.55,1,0.7789749643689692
CAR000657,1,11,2,3,2,184.91,1,0.7789749643689692
CAR003385,1,11,2,3,2,152.7,1,0.7789749643689692
CAR002718,1,11,2,3,2,124.25999999999999,1,0.7789749643689692
CAR003035,1,11,2,3,2,159.89000000000001,1,0.7789749643689692
CAR000393,1,11,2,3,2,141.58,1,0.7789749643689692
CAR004214,1,11,2,3,2,142.29999999999998,1,0.7789749643689692
CAR001093,1,11,2,3,2,148.75,1,0.7789749643689692
CAR001094,1,11,2,3,2,181.24,1,0.7789749643689692
CAR001645,1,11,2,3,2,123.58,1,0.7789749643689692
CAR001038,1,11,2,3,2,111.55,0,0.7789749643689692
CAR000473,1,11,2,3,2,139.14,1,0.7789749643689692
CAR004246,1,11,2,3,2,125.99,1,0.7789749643689692
CAR001906,1,11,2,3,2,121.27,1,0.7789749643689692
CAR004396,1,11,2,3,2,165.48000000000002,1,0.7789749643689692
CAR000946,1,11,2,3,2,142.96,1,0.7789749643689692
CAR002604,1,11,2,3,2,174.32,1,0.7789749643689692
CAR000674,0,9,2,2,1,127.86,1,0.7764502919589608
CAR002270,0,9,2,2,1,152.75,1,0.7764502919589608
CAR003163,0,9,2,2,1,168.73999999999998,1,0.7764502919589608
CAR000302,0,9,2,2,1,141.76,1,0.7764502919589608
CAR002326,0,9,2,2,1,125.55,1,0.7764502919589608
CAR000589,0,9,2,2,1,90.78999999999999,0,0.7764502919589608
CAR004992,0,9,2,2,1,148.1,1,0.7764502919589608
CAR002751,0,9,2,2,1,141.34,1,0.7764502919589608
CAR002702,0,9,2,2,1,146.26999999999998,1,0.7764502919589608
CAR002692,0,9,2,2,1,134.55,1,0.7764502919589608
CAR002845,0,9,2,2,1,120.59,1,0.7764502919589608
CAR000095,0,9,2,2,1,119.58,0,0.7764502919589608
CAR000116,0,9,2,2,1,149.87,1,0.7764502919589608
CAR004906,0,9,2,2,1,167.11,1,0.7764502919589608
CAR002907,0,9,2,2,1,132.12,1,0.7764502919589608
CAR000166,0,9,2,2,1,190.06,1,0.7764502919589608
CAR002605,0,9,2,2,1,173.71,1,0.7764502919589608
CAR002560,0,9,2,2,1,110.96,0,0.7764502919589608
CAR004826,0,9,2,2,1,159.60000000000002,1,0.7764502919589608
CAR000257,0,9,2,2,1,142.65,1,0.7764502919589608
CAR002966,0,9,2,2,1,163.39000000000001,1,0.7764502919589608
CAR002533,0,9,2,2,1,123.03999999999999,1,0.7764502919589608
CAR002974,0,9,2,2,1,156.5,1,0.7764502919589608
CAR000328,0,9,2,2,1,145.75,1,0.7764502919589608
CAR003006,0,9,2,2,1,134.7,1,0.7764502919589608
CAR000376,0,9,2,2,1,123.65,1,0.7764502919589608
CAR003037,0,9,2,2,1,121.73,1,0.7764502919589608
CAR000493,0,9,2,2,1,122.13,1,0.7764502919589608
CAR002375,0,9,2,2,1,143.6,1,0.7764502919589608
CAR004480,0,9,2,2,1,158.18,1,0.7764502919589608
CAR003874,0,9,2,2,1,179.58,1,0.7764502919589608
CAR004472,0,9,2,2,1,168.5,1,0.7764502919589608
CAR002167,0,9,2,2,1,147.79999999999998,1,0.7764502919589608
CAR001279,0,9,2,2,1,158.22,1,0.7764502919589608
CAR004068,0,9,2,2,1,163.77,1,0.7764502919589608
CAR003592,0,9,2,2,1,148.35,1,0.7764502919589608
CAR003576,0,9,2,2,1,124.78,1,0.7764502919589608
CAR001878,0,9,2,2,1,154.9,1,0.7764502919589608
CAR004357,0,9,2,2,1,154.35,1,0.7764502919589608
CAR004351,0,9,2,2,1,133.94,1,0.7764502919589608
CAR002147,0,9,2,2,1,139.4,1,0.7764502919589608
CAR001160,0,9,2,2,1,165.45000000000002,1,0.7764502919589608
CAR001154,0,9,2,2,1,146.45,1,0.7764502919589608
CAR001152,0,9,2,2,1,133.42,1,0.7764502919589608
CAR001105,0,9,2,2,1,149.08,1,0.7764502919589608
CAR003516,0,9,2,2,1,140.73,1,0.7764502919589608
CAR001096,0,9,2,2,1,132.93,1,0.7764502919589608
CAR000960,0,9,2,2,1,152.25,1,0.7764502919589608
CAR000966,0,9,2,2,1,152.3,1,0.7764502919589608
CAR002012,0,9,2,2,1,96.37,0,0.7764502919589608
CAR001909,0,9,2,2,1,148.43,1,0.7764502919589608
CAR004229,0,9,2,2,1,137.49,1,0.7764502919589608
CAR000847,0,9,2,2,1,140.93,1,0.7764502919589608
CAR003484,0,9,2,2,1,146.23000000000002,1,0.7764502919589608
CAR001695,0,9,2,2,1,118.74000000000001,0,0.7764502919589608
CAR000774,0,9,2,2,1,186.45,1,0.7764502919589608
CAR002776,0,9,2,2,1,137.56,1,0.7764502919589608
CAR003234,0,9,2,2,1,184.55,1,0.7764502919589608
CAR003793,0,9,2,2,1,128.79999999999998,1,0.7764502919589608
CAR001609,0,9,2,2,1,154.09,1,0.7764502919589608
CAR004450,0,9,2,2,1,113.92,0,0.7764502919589608
CAR003270,0,9,2,2,1,158.21,1,0.7764502919589608
CAR001687,0,9,2,2,1,142.92,1,0.7764502919589608
CAR004437,0,9,2,2,1,190.29,1,0.7764502919589608
CAR003272,0,9,2,2,1,139.57,1,0.7764502919589608
CAR003939,0,9,2,2,1,155.96,1,0.7764502919589608
CAR001391,0,9,2,2,1,132.32,1,0.7764502919589608
CAR003961,0,9,2,2,1,132.72,1,0.7764502919589608
CAR001331,0,9,2,2,1,142.51,1,0.7764502919589608
CAR003974,0,9,2,2,1,143.89,1,0.7764502919589608
CAR004379,0,9,2,2,1,173.89,1,0.7764502919589608
CAR001079,1,11,2,1,1,148.24,1,0.7741888354062706
CAR000016,1,11,2,1,1,176.7,1,0.7741888354062706
CAR002396,1,11,2,1,1,123.74999999999999,1,0.7741888354062706
CAR000043,1,11,2,1,1,170.67999999999998,1,0.7741888354062706
CAR001435,1,11,2,1,1,154.26,1,0.7741888354062706
CAR000212,1,11,2,1,1,148.60999999999999,1,0.7741888354062706
CAR003007,1,11,2,1,1,137.1,1,0.7741888354062706
CAR000066,1,11,2,1,1,113.86999999999999,0,0.7741888354062706
CAR004153,1,11,2,1,1,119.82,0,0.7741888354062706
CAR001892,1,11,2,1,1,111.56,0,0.7741888354062706
CAR000233,1,11,2,1,1,134.68,1,0.7741888354062706
CAR001217,1,11,2,1,1,146.95,1,0.7741888354062706
CAR000780,1,11,2,1,1,129.27,1,0.7741888354062706
CAR000791,1,11,2,1,1,125.00999999999999,1,0.7741888354062706
CAR004536,1,11,2,1,1,125.82,1,0.7741888354062706
CAR000777,1,11,2,1,1,150.29999999999998,1,0.7741888354062706
CAR001139,1,11,1,3,1,120.5,1,0.7661104517432186
CAR002876,1,11,1,3,1,127.13,1,0.7661104517432186
CAR001285,1,11,1,3,1,159.03,1,0.7661104517432186
CAR004141,1,11,1,3,1,129.43,1,0.7661104517432186
CAR001281,1,11,1,3,1,134.77,1,0.7661104517432186
CAR001112,1,11,1,3,1,182.45000000000002,1,0.7661104517432186
CAR001581,1,11,1,3,1,119.55,0,0.7661104517432186
CAR004213,1,11,1,3,1,155.11,1,0.7661104517432186
CAR002879,1,11,1,3,1,161.87,1,0.7661104517432186
CAR004217,1,11,1,3,1,165.77,1,0.7661104517432186
CAR000540,1,11,1,3,1,146.03,1,0.7661104517432186
CAR002392,1,11,1,3,1,156.6,1,0.7661104517432186
CAR001717,1,11,1,3,1,127.8,1,0.7661104517432186
CAR003778,1,11,3,3,1,124.85,1,0.7476445198741425
CAR004171,1,11,3,3,1,155.21,1,0.7476445198741425
CAR000536,1,11,3,3,1,147.92,1,0.7476445198741425
CAR004364,1,11,3,3,1,144.12,1,0.7476445198741425
CAR002336,1,11,3,3,1,152.57,1,0.7476445198741425
CAR003629,1,11,3,3,1,140.46,1,0.7476445198741425
CAR002240,1,11,3,3,1,157.39999999999998,1,0.7476445198741425
CAR004862,1,11,3,3,1,159.10999999999999,1,0.7476445198741425
CAR004963,1,11,3,3,1,122.64999999999999,1,0.7476445198741425
CAR001432,1,11,3,3,1,147.79,1,0.7476445198741425
CAR003491,1,11,3,3,1,153.71,1,0.7476445198741425
CAR001942,1,11,3,3,1,117.98,0,0.7476445198741425
CAR001263,1,11,0,1,0,160.86,1,0.7369665924016594
CAR000198,1,11,0,1,0,133.37,1,0.7369665924016594
CAR003378,1,11,0,1,0,141.64000000000001,1,0.7369665924016594
CAR000853,1,11,0,1,0,120.22,1,0.7369665924016594
CAR004607,1,11,0,1,0,129.0,1,0.7369665924016594
CAR000272,1,11,0,1,0,138.72,1,0.7369665924016594
CAR004288,1,11,0,1,0,135.87,1,0.7369665924016594
CAR002069,1,11,0,1,0,149.89000000000001,1,0.7369665924016594
CAR002254,1,11,0,1,0,131.3,1,0.7369665924016594
CAR003514,1,11,0,1,0,134.94,1,0.7369665924016594
CAR001933,1,11,0,1,0,141.66,1,0.7369665924016594
CAR004662,1,11,0,1,0,165.13,1,0.7369665924016594
CAR002709,1,11,0,1,0,129.56,1,0.7369665924016594
CAR002273,1,11,0,1,0,166.91,1,0.7369665924016594
CAR003809,1,11,0,1,0,117.02,0,0.7369665924016594
CAR002731,1,11,0,1,0,131.74,1,0.7369665924016594
CAR003077,1,11,0,1,0,114.85,0,0.7369665924016594
CAR001467,1,11,0,1,0,151.27,1,0.7369665924016594
CAR004993,1,11,0,0,2,144.16,1,0.733882276917897
CAR004242,1,11,0,0,2,169.04,1,0.733882276917897
CAR001715,1,11,0,0,2,126.33,1,0.733882276917897
CAR003830,1,11,0,0,2,136.56,1,0.733882276917897
CAR003717,1,11,0,0,2,117.54,0,0.733882276917897
CAR004501,1,11,0,0,2,144.87,1,0.733882276917897
CAR002664,1,11,0,0,2,138.85999999999999,1,0.733882276917897
CAR001374,1,11,0,0,2,149.24,1,0.733882276917897
CAR004070,1,11,0,0,2,173.23000000000002,1,0.733882276917897
CAR001108,1,11,0,0,2,130.4,1,0.733882276917897
CAR002445,1,11,0,0,2,148.41,1,0.733882276917897
CAR004300,1,11,0,0,2,143.07,1,0.733882276917897
CAR000644,1,11,3,0,1,119.42,0,0.7337745905633399
CAR001322,1,11,3,0,1,154.37,1,0.7337745905633399
CAR004378,1,11,3,0,1,167.34,1,0.7337745905633399
CAR003736,1,11,3,0,1,113.5,0,0.7337745905633399
CAR000118,1,11,3,0,1,172.34,1,0.7337745905633399
CAR002297,1,11,3,0,1,134.43,1,0.7337745905633399
CAR003448,1,11,3,0,1,157.29,1,0.7337745905633399
CAR001336,1,11,3,0,1,156.88,1,0.7337745905633399
CAR002839,1,11,3,0,1,145.4,1,0.7337745905633399
CAR000414,1,11,3,0,1,139.03,1,0.7337745905633399
CAR003043,1,11,3,0,1,129.35,1,0.7337745905633399
CAR000059,1,11,3,0,1,148.26,1,0.7337745905633399
CAR003044,1,11,3,0,1,136.18,1,0.7337745905633399
CAR004667,1,11,3,0,1,139.89000000000001,1,0.7337745905633399
CAR003220,1,11,3,0,1,152.73000000000002,1,0.7337745905633399
CAR004555,1,11,3,0,1,117.44,0,0.7337745905633399
CAR001744,1,11,3,0,1,128.46,1,0.7337745905633399
CAR002345,1,11,3,0,1,152.62,1,0.7337745905633399
CAR003557,1,11,3,0,1,137.54,1,0.7337745905633399
CAR002337,1,11,3,0,1,144.17000000000002,1,0.7337745905633399
CAR000304,1,11,3,0,1,141.79999999999998,1,0.7337745905633399
CAR001922,1,11,1,0,2,107.52,0,0.7329939327539862
CAR001995,1,11,1,0,2,114.92,0,0.7329939327539862
CAR002416,1,11,1,0,2,158.59,1,0.7329939327539862
CAR001721,1,11,1,0,2,191.83,1,0.7329939327539862
CAR000613,1,11,1,0,2,101.74,0,0.7329939327539862
CAR003539,1,11,1,0,2,124.24,1,0.7329939327539862
CAR003648,1,11,1,0,2,133.99,1,0.7329939327539862
CAR004695,1,11,1,0,2,147.65,1,0.7329939327539862
CAR003827,1,11,1,0,2,129.21,1,0.7329939327539862
CAR001056,1,11,1,0,2,174.57,1,0.7329939327539862
CAR002164,1,11,1,0,2,145.95,1,0.7329939327539862
CAR003075,1,11,1,0,2,126.02,1,0.7329939327539862
CAR004994,1,11,1,0,2,102.71,0,0.7329939327539862
CAR000555,1,11,1,0,2,147.86,1,0.7329939327539862
CAR002684,1,11,1,0,2,152.56,1,0.7329939327539862
CAR001653,1,11,1,0,2,175.92,1,0.7329939327539862
CAR000162,1,11,1,0,2,148.14000000000001,1,0.7329939327539862
CAR001342,1,11,1,0,2,160.09,1,0.7329939327539862
CAR001845,1,11,1,0,2,149.25,1,0.7329939327539862
CAR000279,1,11,1,0,2,130.26,1,0.7329939327539862
CAR001262,1,11,1,0,2,156.81,1,0.7329939327539862
CAR004198,1,11,3,0,0,156.1,1,0.7100040633607355
CAR003151,1,11,3,0,0,135.26,1,0.7100040633607355
CAR000324,1,11,3,0,0,155.19,1,0.7100040633607355
CAR002606,1,11,3,0,0,154.72,1,0.7100040633607355
CAR000450,1,11,3,0,0,116.95,0,0.7100040633607355
CAR001988,1,11,3,0,0,152.22,1,0.7100040633607355
CAR000434,1,11,3,0,0,161.14,1,0.7100040633607355
CAR000930,1,11,3,0,0,138.35,1,0.7100040633607355
CAR004465,1,11,3,0,0,121.69,1,0.7100040633607355
CAR000271,1,11,3,0,0,155.43,1,0.7100040633607355
CAR000113,1,11,3,0,0,140.8,1,0.7100040633607355
CAR001233,1,11,3,0,0,145.68,1,0.7100040633607355
CAR003920,1,11,3,0,0,166.72,1,0.7100040633607355
CAR004800,1,11,3,0,0,153.57999999999998,1,0.7100040633607355
CAR000730,1,11,3,0,0,144.76,1,0.7100040633607355
CAR003507,1,11,3,0,0,109.85000000000001,0,0.7100040633607355
CAR000757,1,11,3,0,0,121.42,1,0.7100040633607355
CAR003929,1,11,3,0,0,151.8,1,0.7100040633607355
CAR001919,1,11,3,0,0,141.64,1,0.7100040633607355
CAR002962,1,11,3,0,0,151.8,1,0.7100040633607355
